0,71.126.222.64,1
0,195.198.120.238,0
0,192.95.27.190,0
0,202.1.175.252,0
0,39.247.10.192,0
0,192.120.148.227,0
0,40.75.89.172,0
0,51.173.229.255,0
0,51.81.166.201,0
0,41.215.236.152,0
0,37.230.41.123,0
0,58.222.135.253,0
0,194.204.93.135,0
0,126.120.0.39,0
0,128.167.178.183,0
1,71.126.222.64,1
1,195.198.120.238,0
1,192.95.27.190,0
1,202.1.175.252,0
1,39.247.10.192,0
1,192.120.148.227,0
1,40.75.89.172,0
1,51.173.229.255,0
1,51.81.166.201,0
1,41.215.236.152,0
1,37.230.41.123,0
1,58.222.135.253,0
1,194.204.93.135,0
1,126.120.0.39,0
1,128.167.178.183,0
2,71.126.222.64,1
2,195.198.120.238,0
2,192.95.27.190,0
2,202.1.175.252,0
2,39.247.10.192,0
2,192.120.148.227,0
2,40.75.89.172,0
2,51.173.229.255,1
2,51.81.166.201,1
2,41.215.236.152,0
2,37.230.41.123,0
2,58.222.135.253,0
2,194.204.93.135,0
2,126.120.0.39,0
2,128.167.178.183,0
3,71.126.222.64,1
3,195.198.120.238,0
3,192.95.27.190,0
3,202.1.175.252,0
3,39.247.10.192,0
3,192.120.148.227,0
3,40.75.89.172,0
3,51.173.229.255,0
3,51.81.166.201,0
3,41.215.236.152,0
3,37.230.41.123,0
3,58.222.135.253,0
3,194.204.93.135,0
3,126.120.0.39,0
3,128.167.178.183,0
4,71.126.222.64,1
4,195.198.120.238,0
4,192.95.27.190,0
4,202.1.175.252,0
4,39.247.10.192,1
4,192.120.148.227,0
4,40.75.89.172,0
4,51.173.229.255,0
4,51.81.166.201,0
4,41.215.236.152,0
4,37.230.41.123,0
4,58.222.135.253,0
4,194.204.93.135,0
4,126.120.0.39,0
4,128.167.178.183,0
5,71.126.222.64,1
5,195.198.120.238,0
5,192.95.27.190,0
5,202.1.175.252,0
5,39.247.10.192,0
5,192.120.148.227,0
5,40.75.89.172,0
5,51.173.229.255,0
5,51.81.166.201,0
5,41.215.236.152,0
5,37.230.41.123,0
5,58.222.135.253,0
5,194.204.93.135,0
5,126.120.0.39,0
5,128.167.178.183,0
6,71.126.222.64,1
6,195.198.120.238,0
6,192.95.27.190,0
6,202.1.175.252,0
6,39.247.10.192,0
6,192.120.148.227,0
6,40.75.89.172,0
6,51.173.229.255,0
6,51.81.166.201,0
6,41.215.236.152,0
6,37.230.41.123,0
6,58.222.135.253,0
6,194.204.93.135,0
6,126.120.0.39,0
6,128.167.178.183,0
7,71.126.222.64,1
7,195.198.120.238,0
7,192.95.27.190,0
7,202.1.175.252,0
7,39.247.10.192,0
7,192.120.148.227,0
7,40.75.89.172,0
7,51.173.229.255,0
7,51.81.166.201,0
7,41.215.236.152,0
7,37.230.41.123,0
7,58.222.135.253,0
7,194.204.93.135,0
7,126.120.0.39,0
7,128.167.178.183,0
8,71.126.222.64,1
8,195.198.120.238,0
8,192.95.27.190,0
8,202.1.175.252,0
8,39.247.10.192,0
8,192.120.148.227,0
8,40.75.89.172,0
8,51.173.229.255,0
8,51.81.166.201,0
8,41.215.236.152,0
8,37.230.41.123,0
8,58.222.135.253,0
8,194.204.93.135,0
8,126.120.0.39,0
8,128.167.178.183,0
9,71.126.222.64,1
9,195.198.120.238,0
9,192.95.27.190,0
9,202.1.175.252,0
9,39.247.10.192,0
9,192.120.148.227,0
9,40.75.89.172,0
9,51.173.229.255,0
9,51.81.166.201,0
9,41.215.236.152,0
9,37.230.41.123,0
9,58.222.135.253,0
9,194.204.93.135,0
9,126.120.0.39,0
9,128.167.178.183,0
10,71.126.222.64,1
10,195.198.120.238,0
10,192.95.27.190,0
10,202.1.175.252,0
10,39.247.10.192,0
10,192.120.148.227,0
10,40.75.89.172,0
10,51.173.229.255,0
10,51.81.166.201,0
10,41.215.236.152,0
10,37.230.41.123,0
10,58.222.135.253,0
10,194.204.93.135,0
10,126.120.0.39,0
10,128.167.178.183,0
11,71.126.222.64,1
11,195.198.120.238,0
11,192.95.27.190,0
11,202.1.175.252,0
11,39.247.10.192,1
11,192.120.148.227,0
11,40.75.89.172,0
11,51.173.229.255,0
11,51.81.166.201,0
11,41.215.236.152,0
11,37.230.41.123,0
11,58.222.135.253,0
11,194.204.93.135,0
11,126.120.0.39,0
11,128.167.178.183,0
12,71.126.222.64,1
12,195.198.120.238,0
12,192.95.27.190,0
12,202.1.175.252,0
12,39.247.10.192,0
12,192.120.148.227,0
12,40.75.89.172,0
12,51.173.229.255,0
12,51.81.166.201,1
12,41.215.236.152,0
12,37.230.41.123,0
12,58.222.135.253,0
12,194.204.93.135,0
12,126.120.0.39,0
12,128.167.178.183,0
13,71.126.222.64,1
13,195.198.120.238,1
13,192.95.27.190,0
13,202.1.175.252,0
13,39.247.10.192,1
13,192.120.148.227,0
13,40.75.89.172,0
13,51.173.229.255,0
13,51.81.166.201,0
13,41.215.236.152,0
13,37.230.41.123,0
13,58.222.135.253,0
13,194.204.93.135,0
13,126.120.0.39,0
13,128.167.178.183,0
14,71.126.222.64,1
14,195.198.120.238,0
14,192.95.27.190,0
14,202.1.175.252,0
14,39.247.10.192,0
14,192.120.148.227,0
14,40.75.89.172,0
14,51.173.229.255,0
14,51.81.166.201,0
14,41.215.236.152,0
14,37.230.41.123,0
14,58.222.135.253,0
14,194.204.93.135,0
14,126.120.0.39,0
14,128.167.178.183,0
15,71.126.222.64,1
15,195.198.120.238,1
15,192.95.27.190,0
15,202.1.175.252,0
15,39.247.10.192,0
15,192.120.148.227,0
15,40.75.89.172,0
15,51.173.229.255,0
15,51.81.166.201,0
15,41.215.236.152,0
15,37.230.41.123,0
15,58.222.135.253,0
15,194.204.93.135,0
15,126.120.0.39,0
15,128.167.178.183,0
16,71.126.222.64,1
16,195.198.120.238,0
16,192.95.27.190,1
16,202.1.175.252,0
16,39.247.10.192,0
16,192.120.148.227,0
16,40.75.89.172,0
16,51.173.229.255,0
16,51.81.166.201,0
16,41.215.236.152,0
16,37.230.41.123,0
16,58.222.135.253,0
16,194.204.93.135,0
16,126.120.0.39,0
16,128.167.178.183,0
17,71.126.222.64,1
17,195.198.120.238,0
17,192.95.27.190,0
17,202.1.175.252,0
17,39.247.10.192,0
17,192.120.148.227,0
17,40.75.89.172,0
17,51.173.229.255,0
17,51.81.166.201,0
17,41.215.236.152,0
17,37.230.41.123,0
17,58.222.135.253,0
17,194.204.93.135,0
17,126.120.0.39,0
17,128.167.178.183,0
18,71.126.222.64,1
18,195.198.120.238,0
18,192.95.27.190,0
18,202.1.175.252,0
18,39.247.10.192,0
18,192.120.148.227,0
18,40.75.89.172,0
18,51.173.229.255,0
18,51.81.166.201,0
18,41.215.236.152,0
18,37.230.41.123,0
18,58.222.135.253,0
18,194.204.93.135,0
18,126.120.0.39,0
18,128.167.178.183,0
19,71.126.222.64,1
19,195.198.120.238,0
19,192.95.27.190,0
19,202.1.175.252,0
19,39.247.10.192,1
19,192.120.148.227,0
19,40.75.89.172,0
19,51.173.229.255,1
19,51.81.166.201,0
19,41.215.236.152,0
19,37.230.41.123,0
19,58.222.135.253,0
19,194.204.93.135,0
19,126.120.0.39,0
19,128.167.178.183,0
20,71.126.222.64,1
20,195.198.120.238,0
20,192.95.27.190,0
20,202.1.175.252,0
20,39.247.10.192,0
20,192.120.148.227,0
20,40.75.89.172,0
20,51.173.229.255,0
20,51.81.166.201,0
20,41.215.236.152,0
20,37.230.41.123,0
20,58.222.135.253,0
20,194.204.93.135,0
20,126.120.0.39,0
20,128.167.178.183,0
21,71.126.222.64,1
21,195.198.120.238,0
21,192.95.27.190,0
21,202.1.175.252,0
21,39.247.10.192,1
21,192.120.148.227,0
21,40.75.89.172,0
21,51.173.229.255,0
21,51.81.166.201,0
21,41.215.236.152,0
21,37.230.41.123,0
21,58.222.135.253,0
21,194.204.93.135,0
21,126.120.0.39,0
21,128.167.178.183,0
22,71.126.222.64,1
22,195.198.120.238,0
22,192.95.27.190,0
22,202.1.175.252,0
22,39.247.10.192,0
22,192.120.148.227,0
22,40.75.89.172,0
22,51.173.229.255,0
22,51.81.166.201,1
22,41.215.236.152,0
22,37.230.41.123,0
22,58.222.135.253,0
22,194.204.93.135,0
22,126.120.0.39,0
22,128.167.178.183,0
23,71.126.222.64,1
23,195.198.120.238,0
23,192.95.27.190,0
23,202.1.175.252,0
23,39.247.10.192,0
23,192.120.148.227,0
23,40.75.89.172,0
23,51.173.229.255,0
23,51.81.166.201,0
23,41.215.236.152,0
23,37.230.41.123,0
23,58.222.135.253,0
23,194.204.93.135,0
23,126.120.0.39,0
23,128.167.178.183,0
24,71.126.222.64,1
24,195.198.120.238,0
24,192.95.27.190,0
24,202.1.175.252,0
24,39.247.10.192,0
24,192.120.148.227,0
24,40.75.89.172,0
24,51.173.229.255,1
24,51.81.166.201,0
24,41.215.236.152,0
24,37.230.41.123,0
24,58.222.135.253,0
24,194.204.93.135,0
24,126.120.0.39,0
24,128.167.178.183,0
25,71.126.222.64,1
25,195.198.120.238,0
25,192.95.27.190,0
25,202.1.175.252,0
25,39.247.10.192,0
25,192.120.148.227,0
25,40.75.89.172,0
25,51.173.229.255,0
25,51.81.166.201,0
25,41.215.236.152,0
25,37.230.41.123,0
25,58.222.135.253,0
25,194.204.93.135,0
25,126.120.0.39,0
25,128.167.178.183,0
26,71.126.222.64,1
26,195.198.120.238,0
26,192.95.27.190,0
26,202.1.175.252,0
26,39.247.10.192,0
26,192.120.148.227,0
26,40.75.89.172,0
26,51.173.229.255,0
26,51.81.166.201,1
26,41.215.236.152,0
26,37.230.41.123,0
26,58.222.135.253,0
26,194.204.93.135,0
26,126.120.0.39,0
26,128.167.178.183,0
27,71.126.222.64,1
27,195.198.120.238,0
27,192.95.27.190,0
27,202.1.175.252,0
27,39.247.10.192,1
27,192.120.148.227,0
27,40.75.89.172,0
27,51.173.229.255,0
27,51.81.166.201,0
27,41.215.236.152,0
27,37.230.41.123,0
27,58.222.135.253,0
27,194.204.93.135,0
27,126.120.0.39,0
27,128.167.178.183,0
28,71.126.222.64,1
28,195.198.120.238,0
28,192.95.27.190,0
28,202.1.175.252,0
28,39.247.10.192,0
28,192.120.148.227,0
28,40.75.89.172,0
28,51.173.229.255,0
28,51.81.166.201,0
28,41.215.236.152,0
28,37.230.41.123,0
28,58.222.135.253,0
28,194.204.93.135,0
28,126.120.0.39,0
28,128.167.178.183,0
29,71.126.222.64,1
29,195.198.120.238,0
29,192.95.27.190,0
29,202.1.175.252,0
29,39.247.10.192,0
29,192.120.148.227,0
29,40.75.89.172,0
29,51.173.229.255,0
29,51.81.166.201,0
29,41.215.236.152,0
29,37.230.41.123,0
29,58.222.135.253,0
29,194.204.93.135,0
29,126.120.0.39,0
29,128.167.178.183,0
30,71.126.222.64,1
30,195.198.120.238,0
30,192.95.27.190,0
30,202.1.175.252,0
30,39.247.10.192,1
30,192.120.148.227,0
30,40.75.89.172,0
30,51.173.229.255,0
30,51.81.166.201,1
30,41.215.236.152,0
30,37.230.41.123,1
30,58.222.135.253,0
30,194.204.93.135,0
30,126.120.0.39,0
30,128.167.178.183,0
31,71.126.222.64,1
31,195.198.120.238,0
31,192.95.27.190,0
31,202.1.175.252,0
31,39.247.10.192,0
31,192.120.148.227,0
31,40.75.89.172,0
31,51.173.229.255,0
31,51.81.166.201,0
31,41.215.236.152,0
31,37.230.41.123,0
31,58.222.135.253,0
31,194.204.93.135,0
31,126.120.0.39,0
31,128.167.178.183,0
32,71.126.222.64,1
32,195.198.120.238,0
32,192.95.27.190,1
32,202.1.175.252,0
32,39.247.10.192,0
32,192.120.148.227,0
32,40.75.89.172,0
32,51.173.229.255,0
32,51.81.166.201,0
32,41.215.236.152,0
32,37.230.41.123,0
32,58.222.135.253,0
32,194.204.93.135,0
32,126.120.0.39,0
32,128.167.178.183,0
33,71.126.222.64,1
33,195.198.120.238,0
33,192.95.27.190,0
33,202.1.175.252,0
33,39.247.10.192,1
33,192.120.148.227,0
33,40.75.89.172,0
33,51.173.229.255,0
33,51.81.166.201,1
33,41.215.236.152,0
33,37.230.41.123,0
33,58.222.135.253,0
33,194.204.93.135,0
33,126.120.0.39,0
33,128.167.178.183,0
34,71.126.222.64,1
34,195.198.120.238,1
34,192.95.27.190,0
34,202.1.175.252,0
34,39.247.10.192,0
34,192.120.148.227,0
34,40.75.89.172,0
34,51.173.229.255,0
34,51.81.166.201,0
34,41.215.236.152,0
34,37.230.41.123,0
34,58.222.135.253,0
34,194.204.93.135,0
34,126.120.0.39,0
34,128.167.178.183,0
35,71.126.222.64,1
35,195.198.120.238,0
35,192.95.27.190,0
35,202.1.175.252,0
35,39.247.10.192,0
35,192.120.148.227,0
35,40.75.89.172,0
35,51.173.229.255,0
35,51.81.166.201,0
35,41.215.236.152,0
35,37.230.41.123,0
35,58.222.135.253,0
35,194.204.93.135,0
35,126.120.0.39,0
35,128.167.178.183,0
36,71.126.222.64,1
36,195.198.120.238,0
36,192.95.27.190,0
36,202.1.175.252,0
36,39.247.10.192,0
36,192.120.148.227,0
36,40.75.89.172,0
36,51.173.229.255,0
36,51.81.166.201,0
36,41.215.236.152,0
36,37.230.41.123,0
36,58.222.135.253,0
36,194.204.93.135,0
36,126.120.0.39,0
36,128.167.178.183,0
37,71.126.222.64,1
37,195.198.120.238,0
37,192.95.27.190,0
37,202.1.175.252,0
37,39.247.10.192,1
37,192.120.148.227,0
37,40.75.89.172,0
37,51.173.229.255,1
37,51.81.166.201,0
37,41.215.236.152,0
37,37.230.41.123,0
37,58.222.135.253,0
37,194.204.93.135,0
37,126.120.0.39,0
37,128.167.178.183,0
38,71.126.222.64,1
38,195.198.120.238,1
38,192.95.27.190,0
38,202.1.175.252,0
38,39.247.10.192,0
38,192.120.148.227,0
38,40.75.89.172,0
38,51.173.229.255,0
38,51.81.166.201,1
38,41.215.236.152,0
38,37.230.41.123,0
38,58.222.135.253,0
38,194.204.93.135,0
38,126.120.0.39,0
38,128.167.178.183,0
39,71.126.222.64,1
39,195.198.120.238,0
39,192.95.27.190,0
39,202.1.175.252,0
39,39.247.10.192,0
39,192.120.148.227,0
39,40.75.89.172,0
39,51.173.229.255,0
39,51.81.166.201,0
39,41.215.236.152,0
39,37.230.41.123,0
39,58.222.135.253,0
39,194.204.93.135,0
39,126.120.0.39,0
39,128.167.178.183,0
40,71.126.222.64,1
40,195.198.120.238,1
40,192.95.27.190,0
40,202.1.175.252,0
40,39.247.10.192,0
40,192.120.148.227,0
40,40.75.89.172,0
40,51.173.229.255,0
40,51.81.166.201,0
40,41.215.236.152,0
40,37.230.41.123,0
40,58.222.135.253,0
40,194.204.93.135,0
40,126.120.0.39,0
40,128.167.178.183,0
41,71.126.222.64,1
41,195.198.120.238,0
41,192.95.27.190,0
41,202.1.175.252,0
41,39.247.10.192,1
41,192.120.148.227,0
41,40.75.89.172,0
41,51.173.229.255,0
41,51.81.166.201,0
41,41.215.236.152,0
41,37.230.41.123,0
41,58.222.135.253,0
41,194.204.93.135,0
41,126.120.0.39,0
41,128.167.178.183,0
42,71.126.222.64,1
42,195.198.120.238,0
42,192.95.27.190,0
42,202.1.175.252,0
42,39.247.10.192,0
42,192.120.148.227,0
42,40.75.89.172,0
42,51.173.229.255,0
42,51.81.166.201,1
42,41.215.236.152,0
42,37.230.41.123,0
42,58.222.135.253,0
42,194.204.93.135,0
42,126.120.0.39,0
42,128.167.178.183,0
43,71.126.222.64,1
43,195.198.120.238,0
43,192.95.27.190,0
43,202.1.175.252,0
43,39.247.10.192,0
43,192.120.148.227,0
43,40.75.89.172,0
43,51.173.229.255,1
43,51.81.166.201,0
43,41.215.236.152,0
43,37.230.41.123,0
43,58.222.135.253,0
43,194.204.93.135,0
43,126.120.0.39,0
43,128.167.178.183,0
44,71.126.222.64,1
44,195.198.120.238,0
44,192.95.27.190,1
44,202.1.175.252,0
44,39.247.10.192,0
44,192.120.148.227,0
44,40.75.89.172,0
44,51.173.229.255,0
44,51.81.166.201,0
44,41.215.236.152,0
44,37.230.41.123,0
44,58.222.135.253,0
44,194.204.93.135,0
44,126.120.0.39,0
44,128.167.178.183,0
45,71.126.222.64,1
45,195.198.120.238,0
45,192.95.27.190,0
45,202.1.175.252,0
45,39.247.10.192,1
45,192.120.148.227,0
45,40.75.89.172,0
45,51.173.229.255,0
45,51.81.166.201,0
45,41.215.236.152,0
45,37.230.41.123,0
45,58.222.135.253,0
45,194.204.93.135,0
45,126.120.0.39,0
45,128.167.178.183,0
46,71.126.222.64,1
46,195.198.120.238,0
46,192.95.27.190,0
46,202.1.175.252,0
46,39.247.10.192,0
46,192.120.148.227,0
46,40.75.89.172,0
46,51.173.229.255,1
46,51.81.166.201,1
46,41.215.236.152,0
46,37.230.41.123,0
46,58.222.135.253,0
46,194.204.93.135,0
46,126.120.0.39,0
46,128.167.178.183,0
47,71.126.222.64,1
47,195.198.120.238,0
47,192.95.27.190,0
47,202.1.175.252,0
47,39.247.10.192,0
47,192.120.148.227,0
47,40.75.89.172,0
47,51.173.229.255,0
47,51.81.166.201,0
47,41.215.236.152,0
47,37.230.41.123,0
47,58.222.135.253,0
47,194.204.93.135,0
47,126.120.0.39,0
47,128.167.178.183,0
48,71.126.222.64,1
48,195.198.120.238,0
48,192.95.27.190,0
48,202.1.175.252,0
48,39.247.10.192,0
48,192.120.148.227,0
48,40.75.89.172,0
48,51.173.229.255,1
48,51.81.166.201,0
48,41.215.236.152,0
48,37.230.41.123,0
48,58.222.135.253,0
48,194.204.93.135,0
48,126.120.0.39,0
48,128.167.178.183,0
49,71.126.222.64,1
49,195.198.120.238,0
49,192.95.27.190,0
49,202.1.175.252,0
49,39.247.10.192,1
49,192.120.148.227,0
49,40.75.89.172,0
49,51.173.229.255,0
49,51.81.166.201,0
49,41.215.236.152,0
49,37.230.41.123,0
49,58.222.135.253,0
49,194.204.93.135,0
49,126.120.0.39,0
49,128.167.178.183,0
50,71.126.222.64,1
50,195.198.120.238,0
50,192.95.27.190,0
50,202.1.175.252,0
50,39.247.10.192,0
50,192.120.148.227,0
50,40.75.89.172,0
50,51.173.229.255,0
50,51.81.166.201,0
50,41.215.236.152,0
50,37.230.41.123,0
50,58.222.135.253,1
50,194.204.93.135,0
50,126.120.0.39,0
50,128.167.178.183,0
51,71.126.222.64,1
51,195.198.120.238,0
51,192.95.27.190,0
51,202.1.175.252,0
51,39.247.10.192,1
51,192.120.148.227,0
51,40.75.89.172,0
51,51.173.229.255,1
51,51.81.166.201,0
51,41.215.236.152,0
51,37.230.41.123,0
51,58.222.135.253,1
51,194.204.93.135,0
51,126.120.0.39,0
51,128.167.178.183,0
52,71.126.222.64,1
52,195.198.120.238,0
52,192.95.27.190,0
52,202.1.175.252,0
52,39.247.10.192,0
52,192.120.148.227,0
52,40.75.89.172,0
52,51.173.229.255,1
52,51.81.166.201,0
52,41.215.236.152,0
52,37.230.41.123,0
52,58.222.135.253,0
52,194.204.93.135,0
52,126.120.0.39,0
52,128.167.178.183,0
53,71.126.222.64,1
53,195.198.120.238,0
53,192.95.27.190,0
53,202.1.175.252,0
53,39.247.10.192,1
53,192.120.148.227,0
53,40.75.89.172,0
53,51.173.229.255,0
53,51.81.166.201,0
53,41.215.236.152,0
53,37.230.41.123,0
53,58.222.135.253,0
53,194.204.93.135,0
53,126.120.0.39,0
53,128.167.178.183,0
54,71.126.222.64,1
54,195.198.120.238,0
54,192.95.27.190,0
54,202.1.175.252,0
54,39.247.10.192,0
54,192.120.148.227,0
54,40.75.89.172,0
54,51.173.229.255,0
54,51.81.166.201,1
54,41.215.236.152,0
54,37.230.41.123,0
54,58.222.135.253,0
54,194.204.93.135,0
54,126.120.0.39,0
54,128.167.178.183,0
55,71.126.222.64,1
55,195.198.120.238,0
55,192.95.27.190,1
55,202.1.175.252,0
55,39.247.10.192,0
55,192.120.148.227,0
55,40.75.89.172,0
55,51.173.229.255,0
55,51.81.166.201,0
55,41.215.236.152,0
55,37.230.41.123,0
55,58.222.135.253,0
55,194.204.93.135,0
55,126.120.0.39,0
55,128.167.178.183,0
56,71.126.222.64,1
56,195.198.120.238,1
56,192.95.27.190,0
56,202.1.175.252,0
56,39.247.10.192,0
56,192.120.148.227,0
56,40.75.89.172,0
56,51.173.229.255,0
56,51.81.166.201,0
56,41.215.236.152,0
56,37.230.41.123,0
56,58.222.135.253,0
56,194.204.93.135,0
56,126.120.0.39,0
56,128.167.178.183,0
57,71.126.222.64,1
57,195.198.120.238,0
57,192.95.27.190,0
57,202.1.175.252,0
57,39.247.10.192,1
57,192.120.148.227,0
57,40.75.89.172,0
57,51.173.229.255,0
57,51.81.166.201,0
57,41.215.236.152,0
57,37.230.41.123,0
57,58.222.135.253,0
57,194.204.93.135,0
57,126.120.0.39,0
57,128.167.178.183,0
58,71.126.222.64,1
58,195.198.120.238,0
58,192.95.27.190,0
58,202.1.175.252,0
58,39.247.10.192,0
58,192.120.148.227,0
58,40.75.89.172,0
58,51.173.229.255,1
58,51.81.166.201,0
58,41.215.236.152,0
58,37.230.41.123,0
58,58.222.135.253,0
58,194.204.93.135,0
58,126.120.0.39,0
58,128.167.178.183,0
59,71.126.222.64,1
59,195.198.120.238,0
59,192.95.27.190,0
59,202.1.175.252,0
59,39.247.10.192,1
59,192.120.148.227,0
59,40.75.89.172,0
59,51.173.229.255,0
59,51.81.166.201,0
59,41.215.236.152,0
59,37.230.41.123,0
59,58.222.135.253,0
59,194.204.93.135,0
59,126.120.0.39,0
59,128.167.178.183,0
60,71.126.222.64,1
60,195.198.120.238,0
60,192.95.27.190,0
60,202.1.175.252,0
60,39.247.10.192,0
60,192.120.148.227,0
60,40.75.89.172,0
60,51.173.229.255,1
60,51.81.166.201,0
60,41.215.236.152,0
60,37.230.41.123,0
60,58.222.135.253,0
60,194.204.93.135,0
60,126.120.0.39,0
60,128.167.178.183,0
61,71.126.222.64,1
61,195.198.120.238,0
61,192.95.27.190,0
61,202.1.175.252,0
61,39.247.10.192,0
61,192.120.148.227,0
61,40.75.89.172,0
61,51.173.229.255,0
61,51.81.166.201,0
61,41.215.236.152,0
61,37.230.41.123,0
61,58.222.135.253,0
61,194.204.93.135,0
61,126.120.0.39,0
61,128.167.178.183,0
62,71.126.222.64,1
62,195.198.120.238,0
62,192.95.27.190,0
62,202.1.175.252,0
62,39.247.10.192,0
62,192.120.148.227,0
62,40.75.89.172,0
62,51.173.229.255,1
62,51.81.166.201,0
62,41.215.236.152,0
62,37.230.41.123,0
62,58.222.135.253,0
62,194.204.93.135,0
62,126.120.0.39,0
62,128.167.178.183,0
63,71.126.222.64,1
63,195.198.120.238,0
63,192.95.27.190,0
63,202.1.175.252,0
63,39.247.10.192,0
63,192.120.148.227,0
63,40.75.89.172,0
63,51.173.229.255,0
63,51.81.166.201,1
63,41.215.236.152,0
63,37.230.41.123,0
63,58.222.135.253,0
63,194.204.93.135,0
63,126.120.0.39,0
63,128.167.178.183,0
64,71.126.222.64,1
64,195.198.120.238,0
64,192.95.27.190,0
64,202.1.175.252,0
64,39.247.10.192,0
64,192.120.148.227,0
64,40.75.89.172,0
64,51.173.229.255,0
64,51.81.166.201,0
64,41.215.236.152,0
64,37.230.41.123,0
64,58.222.135.253,0
64,194.204.93.135,0
64,126.120.0.39,0
64,128.167.178.183,0
65,71.126.222.64,1
65,195.198.120.238,0
65,192.95.27.190,0
65,202.1.175.252,0
65,39.247.10.192,0
65,192.120.148.227,0
65,40.75.89.172,0
65,51.173.229.255,0
65,51.81.166.201,0
65,41.215.236.152,0
65,37.230.41.123,0
65,58.222.135.253,0
65,194.204.93.135,0
65,126.120.0.39,0
65,128.167.178.183,0
66,71.126.222.64,1
66,195.198.120.238,0
66,192.95.27.190,0
66,202.1.175.252,0
66,39.247.10.192,0
66,192.120.148.227,0
66,40.75.89.172,0
66,51.173.229.255,1
66,51.81.166.201,0
66,41.215.236.152,0
66,37.230.41.123,0
66,58.222.135.253,0
66,194.204.93.135,0
66,126.120.0.39,0
66,128.167.178.183,0
67,71.126.222.64,1
67,195.198.120.238,0
67,192.95.27.190,0
67,202.1.175.252,0
67,39.247.10.192,0
67,192.120.148.227,0
67,40.75.89.172,0
67,51.173.229.255,0
67,51.81.166.201,0
67,41.215.236.152,0
67,37.230.41.123,0
67,58.222.135.253,0
67,194.204.93.135,0
67,126.120.0.39,0
67,128.167.178.183,0
68,71.126.222.64,1
68,195.198.120.238,0
68,192.95.27.190,0
68,202.1.175.252,0
68,39.247.10.192,0
68,192.120.148.227,0
68,40.75.89.172,0
68,51.173.229.255,0
68,51.81.166.201,0
68,41.215.236.152,0
68,37.230.41.123,0
68,58.222.135.253,0
68,194.204.93.135,0
68,126.120.0.39,0
68,128.167.178.183,0
69,71.126.222.64,1
69,195.198.120.238,0
69,192.95.27.190,0
69,202.1.175.252,0
69,39.247.10.192,0
69,192.120.148.227,0
69,40.75.89.172,0
69,51.173.229.255,1
69,51.81.166.201,0
69,41.215.236.152,0
69,37.230.41.123,0
69,58.222.135.253,0
69,194.204.93.135,0
69,126.120.0.39,0
69,128.167.178.183,0
70,71.126.222.64,1
70,195.198.120.238,1
70,192.95.27.190,0
70,202.1.175.252,0
70,39.247.10.192,0
70,192.120.148.227,0
70,40.75.89.172,0
70,51.173.229.255,0
70,51.81.166.201,0
70,41.215.236.152,0
70,37.230.41.123,0
70,58.222.135.253,0
70,194.204.93.135,0
70,126.120.0.39,0
70,128.167.178.183,0
71,71.126.222.64,1
71,195.198.120.238,0
71,192.95.27.190,0
71,202.1.175.252,0
71,39.247.10.192,1
71,192.120.148.227,0
71,40.75.89.172,0
71,51.173.229.255,0
71,51.81.166.201,0
71,41.215.236.152,0
71,37.230.41.123,0
71,58.222.135.253,0
71,194.204.93.135,0
71,126.120.0.39,0
71,128.167.178.183,0
72,71.126.222.64,1
72,195.198.120.238,0
72,192.95.27.190,0
72,202.1.175.252,0
72,39.247.10.192,0
72,192.120.148.227,0
72,40.75.89.172,0
72,51.173.229.255,0
72,51.81.166.201,0
72,41.215.236.152,0
72,37.230.41.123,0
72,58.222.135.253,0
72,194.204.93.135,0
72,126.120.0.39,0
72,128.167.178.183,0
73,71.126.222.64,1
73,195.198.120.238,0
73,192.95.27.190,0
73,202.1.175.252,0
73,39.247.10.192,0
73,192.120.148.227,0
73,40.75.89.172,0
73,51.173.229.255,1
73,51.81.166.201,0
73,41.215.236.152,0
73,37.230.41.123,0
73,58.222.135.253,0
73,194.204.93.135,0
73,126.120.0.39,0
73,128.167.178.183,0
74,71.126.222.64,1
74,195.198.120.238,0
74,192.95.27.190,0
74,202.1.175.252,0
74,39.247.10.192,1
74,192.120.148.227,0
74,40.75.89.172,0
74,51.173.229.255,0
74,51.81.166.201,0
74,41.215.236.152,0
74,37.230.41.123,0
74,58.222.135.253,0
74,194.204.93.135,0
74,126.120.0.39,0
74,128.167.178.183,0
75,71.126.222.64,1
75,195.198.120.238,0
75,192.95.27.190,0
75,202.1.175.252,0
75,39.247.10.192,0
75,192.120.148.227,0
75,40.75.89.172,0
75,51.173.229.255,0
75,51.81.166.201,0
75,41.215.236.152,0
75,37.230.41.123,0
75,58.222.135.253,0
75,194.204.93.135,0
75,126.120.0.39,0
75,128.167.178.183,0
76,71.126.222.64,1
76,195.198.120.238,0
76,192.95.27.190,0
76,202.1.175.252,0
76,39.247.10.192,0
76,192.120.148.227,0
76,40.75.89.172,0
76,51.173.229.255,0
76,51.81.166.201,0
76,41.215.236.152,0
76,37.230.41.123,0
76,58.222.135.253,0
76,194.204.93.135,0
76,126.120.0.39,0
76,128.167.178.183,0
77,71.126.222.64,1
77,195.198.120.238,0
77,192.95.27.190,0
77,202.1.175.252,0
77,39.247.10.192,0
77,192.120.148.227,0
77,40.75.89.172,0
77,51.173.229.255,1
77,51.81.166.201,0
77,41.215.236.152,0
77,37.230.41.123,0
77,58.222.135.253,0
77,194.204.93.135,0
77,126.120.0.39,0
77,128.167.178.183,0
78,71.126.222.64,1
78,195.198.120.238,1
78,192.95.27.190,0
78,202.1.175.252,0
78,39.247.10.192,0
78,192.120.148.227,0
78,40.75.89.172,0
78,51.173.229.255,0
78,51.81.166.201,0
78,41.215.236.152,0
78,37.230.41.123,0
78,58.222.135.253,0
78,194.204.93.135,0
78,126.120.0.39,0
78,128.167.178.183,0
79,71.126.222.64,1
79,195.198.120.238,0
79,192.95.27.190,0
79,202.1.175.252,0
79,39.247.10.192,0
79,192.120.148.227,0
79,40.75.89.172,0
79,51.173.229.255,0
79,51.81.166.201,0
79,41.215.236.152,0
79,37.230.41.123,0
79,58.222.135.253,0
79,194.204.93.135,0
79,126.120.0.39,0
79,128.167.178.183,0
80,71.126.222.64,1
80,195.198.120.238,0
80,192.95.27.190,0
80,202.1.175.252,0
80,39.247.10.192,0
80,192.120.148.227,0
80,40.75.89.172,0
80,51.173.229.255,1
80,51.81.166.201,0
80,41.215.236.152,0
80,37.230.41.123,0
80,58.222.135.253,0
80,194.204.93.135,0
80,126.120.0.39,0
80,128.167.178.183,0
81,71.126.222.64,1
81,195.198.120.238,0
81,192.95.27.190,0
81,202.1.175.252,0
81,39.247.10.192,0
81,192.120.148.227,0
81,40.75.89.172,0
81,51.173.229.255,1
81,51.81.166.201,0
81,41.215.236.152,0
81,37.230.41.123,0
81,58.222.135.253,0
81,194.204.93.135,0
81,126.120.0.39,0
81,128.167.178.183,0
82,71.126.222.64,1
82,195.198.120.238,0
82,192.95.27.190,0
82,202.1.175.252,0
82,39.247.10.192,1
82,192.120.148.227,0
82,40.75.89.172,0
82,51.173.229.255,0
82,51.81.166.201,0
82,41.215.236.152,0
82,37.230.41.123,0
82,58.222.135.253,0
82,194.204.93.135,1
82,126.120.0.39,0
82,128.167.178.183,0
83,71.126.222.64,1
83,195.198.120.238,0
83,192.95.27.190,0
83,202.1.175.252,0
83,39.247.10.192,0
83,192.120.148.227,0
83,40.75.89.172,0
83,51.173.229.255,0
83,51.81.166.201,0
83,41.215.236.152,0
83,37.230.41.123,0
83,58.222.135.253,0
83,194.204.93.135,0
83,126.120.0.39,0
83,128.167.178.183,0
84,71.126.222.64,1
84,195.198.120.238,0
84,192.95.27.190,0
84,202.1.175.252,0
84,39.247.10.192,1
84,192.120.148.227,0
84,40.75.89.172,0
84,51.173.229.255,1
84,51.81.166.201,0
84,41.215.236.152,0
84,37.230.41.123,0
84,58.222.135.253,0
84,194.204.93.135,0
84,126.120.0.39,0
84,128.167.178.183,0
85,71.126.222.64,1
85,195.198.120.238,0
85,192.95.27.190,0
85,202.1.175.252,0
85,39.247.10.192,0
85,192.120.148.227,0
85,40.75.89.172,0
85,51.173.229.255,0
85,51.81.166.201,0
85,41.215.236.152,0
85,37.230.41.123,0
85,58.222.135.253,0
85,194.204.93.135,0
85,126.120.0.39,0
85,128.167.178.183,0
86,71.126.222.64,1
86,195.198.120.238,0
86,192.95.27.190,0
86,202.1.175.252,0
86,39.247.10.192,0
86,192.120.148.227,0
86,40.75.89.172,0
86,51.173.229.255,0
86,51.81.166.201,0
86,41.215.236.152,0
86,37.230.41.123,0
86,58.222.135.253,0
86,194.204.93.135,0
86,126.120.0.39,0
86,128.167.178.183,0
87,71.126.222.64,1
87,195.198.120.238,0
87,192.95.27.190,0
87,202.1.175.252,0
87,39.247.10.192,0
87,192.120.148.227,0
87,40.75.89.172,0
87,51.173.229.255,0
87,51.81.166.201,0
87,41.215.236.152,0
87,37.230.41.123,0
87,58.222.135.253,0
87,194.204.93.135,0
87,126.120.0.39,0
87,128.167.178.183,0
88,71.126.222.64,1
88,195.198.120.238,0
88,192.95.27.190,1
88,202.1.175.252,0
88,39.247.10.192,0
88,192.120.148.227,0
88,40.75.89.172,0
88,51.173.229.255,0
88,51.81.166.201,0
88,41.215.236.152,0
88,37.230.41.123,0
88,58.222.135.253,0
88,194.204.93.135,0
88,126.120.0.39,0
88,128.167.178.183,0
89,71.126.222.64,1
89,195.198.120.238,1
89,192.95.27.190,0
89,202.1.175.252,0
89,39.247.10.192,0
89,192.120.148.227,0
89,40.75.89.172,0
89,51.173.229.255,0
89,51.81.166.201,0
89,41.215.236.152,0
89,37.230.41.123,0
89,58.222.135.253,0
89,194.204.93.135,0
89,126.120.0.39,0
89,128.167.178.183,0
90,71.126.222.64,1
90,195.198.120.238,0
90,192.95.27.190,0
90,202.1.175.252,0
90,39.247.10.192,0
90,192.120.148.227,0
90,40.75.89.172,0
90,51.173.229.255,1
90,51.81.166.201,0
90,41.215.236.152,0
90,37.230.41.123,0
90,58.222.135.253,0
90,194.204.93.135,0
90,126.120.0.39,0
90,128.167.178.183,0
91,71.126.222.64,1
91,195.198.120.238,1
91,192.95.27.190,0
91,202.1.175.252,0
91,39.247.10.192,0
91,192.120.148.227,0
91,40.75.89.172,0
91,51.173.229.255,0
91,51.81.166.201,0
91,41.215.236.152,0
91,37.230.41.123,0
91,58.222.135.253,0
91,194.204.93.135,0
91,126.120.0.39,0
91,128.167.178.183,0
92,71.126.222.64,1
92,195.198.120.238,0
92,192.95.27.190,0
92,202.1.175.252,0
92,39.247.10.192,0
92,192.120.148.227,0
92,40.75.89.172,0
92,51.173.229.255,0
92,51.81.166.201,0
92,41.215.236.152,0
92,37.230.41.123,0
92,58.222.135.253,0
92,194.204.93.135,0
92,126.120.0.39,0
92,128.167.178.183,0
93,71.126.222.64,1
93,195.198.120.238,1
93,192.95.27.190,0
93,202.1.175.252,0
93,39.247.10.192,0
93,192.120.148.227,0
93,40.75.89.172,0
93,51.173.229.255,0
93,51.81.166.201,0
93,41.215.236.152,0
93,37.230.41.123,0
93,58.222.135.253,0
93,194.204.93.135,0
93,126.120.0.39,0
93,128.167.178.183,0
94,71.126.222.64,1
94,195.198.120.238,0
94,192.95.27.190,0
94,202.1.175.252,0
94,39.247.10.192,0
94,192.120.148.227,0
94,40.75.89.172,0
94,51.173.229.255,1
94,51.81.166.201,0
94,41.215.236.152,0
94,37.230.41.123,0
94,58.222.135.253,0
94,194.204.93.135,0
94,126.120.0.39,0
94,128.167.178.183,0
95,71.126.222.64,1
95,195.198.120.238,1
95,192.95.27.190,0
95,202.1.175.252,0
95,39.247.10.192,0
95,192.120.148.227,0
95,40.75.89.172,0
95,51.173.229.255,0
95,51.81.166.201,0
95,41.215.236.152,0
95,37.230.41.123,0
95,58.222.135.253,0
95,194.204.93.135,0
95,126.120.0.39,0
95,128.167.178.183,0
96,71.126.222.64,1
96,195.198.120.238,0
96,192.95.27.190,0
96,202.1.175.252,0
96,39.247.10.192,1
96,192.120.148.227,0
96,40.75.89.172,0
96,51.173.229.255,0
96,51.81.166.201,1
96,41.215.236.152,0
96,37.230.41.123,0
96,58.222.135.253,0
96,194.204.93.135,0
96,126.120.0.39,0
96,128.167.178.183,0
97,71.126.222.64,1
97,195.198.120.238,0
97,192.95.27.190,0
97,202.1.175.252,0
97,39.247.10.192,0
97,192.120.148.227,0
97,40.75.89.172,0
97,51.173.229.255,0
97,51.81.166.201,0
97,41.215.236.152,0
97,37.230.41.123,0
97,58.222.135.253,0
97,194.204.93.135,0
97,126.120.0.39,0
97,128.167.178.183,0
98,71.126.222.64,1
98,195.198.120.238,0
98,192.95.27.190,0
98,202.1.175.252,0
98,39.247.10.192,0
98,192.120.148.227,0
98,40.75.89.172,0
98,51.173.229.255,0
98,51.81.166.201,0
98,41.215.236.152,0
98,37.230.41.123,0
98,58.222.135.253,0
98,194.204.93.135,0
98,126.120.0.39,0
98,128.167.178.183,0
99,71.126.222.64,1
99,195.198.120.238,0
99,192.95.27.190,0
99,202.1.175.252,0
99,39.247.10.192,0
99,192.120.148.227,0
99,40.75.89.172,0
99,51.173.229.255,1
99,51.81.166.201,0
99,41.215.236.152,0
99,37.230.41.123,0
99,58.222.135.253,0
99,194.204.93.135,0
99,126.120.0.39,0
99,128.167.178.183,0
100,71.126.222.64,1
100,195.198.120.238,0
100,192.95.27.190,1
100,202.1.175.252,0
100,39.247.10.192,0
100,192.120.148.227,0
100,40.75.89.172,0
100,51.173.229.255,0
100,51.81.166.201,0
100,41.215.236.152,0
100,37.230.41.123,0
100,58.222.135.253,0
100,194.204.93.135,0
100,126.120.0.39,1
100,128.167.178.183,0
101,71.126.222.64,1
101,195.198.120.238,0
101,192.95.27.190,0
101,202.1.175.252,0
101,39.247.10.192,0
101,192.120.148.227,0
101,40.75.89.172,0
101,51.173.229.255,0
101,51.81.166.201,0
101,41.215.236.152,0
101,37.230.41.123,0
101,58.222.135.253,0
101,194.204.93.135,0
101,126.120.0.39,0
101,128.167.178.183,0
102,71.126.222.64,1
102,195.198.120.238,0
102,192.95.27.190,0
102,202.1.175.252,0
102,39.247.10.192,0
102,192.120.148.227,0
102,40.75.89.172,0
102,51.173.229.255,0
102,51.81.166.201,0
102,41.215.236.152,0
102,37.230.41.123,0
102,58.222.135.253,0
102,194.204.93.135,0
102,126.120.0.39,0
102,128.167.178.183,0
103,71.126.222.64,1
103,195.198.120.238,0
103,192.95.27.190,0
103,202.1.175.252,0
103,39.247.10.192,0
103,192.120.148.227,0
103,40.75.89.172,0
103,51.173.229.255,0
103,51.81.166.201,0
103,41.215.236.152,0
103,37.230.41.123,0
103,58.222.135.253,0
103,194.204.93.135,0
103,126.120.0.39,0
103,128.167.178.183,0
104,71.126.222.64,1
104,195.198.120.238,0
104,192.95.27.190,0
104,202.1.175.252,0
104,39.247.10.192,1
104,192.120.148.227,0
104,40.75.89.172,0
104,51.173.229.255,0
104,51.81.166.201,0
104,41.215.236.152,0
104,37.230.41.123,0
104,58.222.135.253,0
104,194.204.93.135,0
104,126.120.0.39,0
104,128.167.178.183,0
105,71.126.222.64,1
105,195.198.120.238,0
105,192.95.27.190,0
105,202.1.175.252,0
105,39.247.10.192,0
105,192.120.148.227,0
105,40.75.89.172,0
105,51.173.229.255,1
105,51.81.166.201,1
105,41.215.236.152,0
105,37.230.41.123,0
105,58.222.135.253,0
105,194.204.93.135,0
105,126.120.0.39,0
105,128.167.178.183,0
106,71.126.222.64,1
106,195.198.120.238,1
106,192.95.27.190,0
106,202.1.175.252,0
106,39.247.10.192,0
106,192.120.148.227,0
106,40.75.89.172,0
106,51.173.229.255,0
106,51.81.166.201,0
106,41.215.236.152,0
106,37.230.41.123,0
106,58.222.135.253,0
106,194.204.93.135,0
106,126.120.0.39,0
106,128.167.178.183,0
107,71.126.222.64,1
107,195.198.120.238,0
107,192.95.27.190,0
107,202.1.175.252,0
107,39.247.10.192,0
107,192.120.148.227,0
107,40.75.89.172,0
107,51.173.229.255,0
107,51.81.166.201,0
107,41.215.236.152,0
107,37.230.41.123,0
107,58.222.135.253,0
107,194.204.93.135,0
107,126.120.0.39,0
107,128.167.178.183,0
108,71.126.222.64,1
108,195.198.120.238,1
108,192.95.27.190,0
108,202.1.175.252,0
108,39.247.10.192,0
108,192.120.148.227,0
108,40.75.89.172,0
108,51.173.229.255,0
108,51.81.166.201,0
108,41.215.236.152,0
108,37.230.41.123,0
108,58.222.135.253,0
108,194.204.93.135,0
108,126.120.0.39,0
108,128.167.178.183,0
109,71.126.222.64,1
109,195.198.120.238,0
109,192.95.27.190,0
109,202.1.175.252,0
109,39.247.10.192,1
109,192.120.148.227,0
109,40.75.89.172,0
109,51.173.229.255,0
109,51.81.166.201,1
109,41.215.236.152,0
109,37.230.41.123,0
109,58.222.135.253,0
109,194.204.93.135,0
109,126.120.0.39,0
109,128.167.178.183,0
110,71.126.222.64,1
110,195.198.120.238,0
110,192.95.27.190,0
110,202.1.175.252,0
110,39.247.10.192,0
110,192.120.148.227,0
110,40.75.89.172,0
110,51.173.229.255,1
110,51.81.166.201,0
110,41.215.236.152,0
110,37.230.41.123,0
110,58.222.135.253,0
110,194.204.93.135,0
110,126.120.0.39,0
110,128.167.178.183,0
111,71.126.222.64,1
111,195.198.120.238,0
111,192.95.27.190,0
111,202.1.175.252,0
111,39.247.10.192,0
111,192.120.148.227,0
111,40.75.89.172,0
111,51.173.229.255,0
111,51.81.166.201,0
111,41.215.236.152,0
111,37.230.41.123,0
111,58.222.135.253,0
111,194.204.93.135,0
111,126.120.0.39,0
111,128.167.178.183,0
112,71.126.222.64,1
112,195.198.120.238,0
112,192.95.27.190,0
112,202.1.175.252,0
112,39.247.10.192,0
112,192.120.148.227,0
112,40.75.89.172,0
112,51.173.229.255,1
112,51.81.166.201,0
112,41.215.236.152,0
112,37.230.41.123,0
112,58.222.135.253,0
112,194.204.93.135,0
112,126.120.0.39,0
112,128.167.178.183,0
113,71.126.222.64,1
113,195.198.120.238,0
113,192.95.27.190,0
113,202.1.175.252,0
113,39.247.10.192,1
113,192.120.148.227,0
113,40.75.89.172,0
113,51.173.229.255,0
113,51.81.166.201,0
113,41.215.236.152,0
113,37.230.41.123,0
113,58.222.135.253,0
113,194.204.93.135,0
113,126.120.0.39,0
113,128.167.178.183,0
114,71.126.222.64,1
114,195.198.120.238,0
114,192.95.27.190,0
114,202.1.175.252,0
114,39.247.10.192,0
114,192.120.148.227,0
114,40.75.89.172,0
114,51.173.229.255,0
114,51.81.166.201,0
114,41.215.236.152,0
114,37.230.41.123,0
114,58.222.135.253,0
114,194.204.93.135,0
114,126.120.0.39,0
114,128.167.178.183,0
115,71.126.222.64,1
115,195.198.120.238,0
115,192.95.27.190,0
115,202.1.175.252,0
115,39.247.10.192,1
115,192.120.148.227,0
115,40.75.89.172,0
115,51.173.229.255,0
115,51.81.166.201,0
115,41.215.236.152,0
115,37.230.41.123,0
115,58.222.135.253,0
115,194.204.93.135,0
115,126.120.0.39,0
115,128.167.178.183,0
116,71.126.222.64,1
116,195.198.120.238,0
116,192.95.27.190,0
116,202.1.175.252,0
116,39.247.10.192,0
116,192.120.148.227,0
116,40.75.89.172,0
116,51.173.229.255,0
116,51.81.166.201,1
116,41.215.236.152,0
116,37.230.41.123,0
116,58.222.135.253,0
116,194.204.93.135,0
116,126.120.0.39,0
116,128.167.178.183,0
117,71.126.222.64,1
117,195.198.120.238,0
117,192.95.27.190,0
117,202.1.175.252,0
117,39.247.10.192,1
117,192.120.148.227,0
117,40.75.89.172,0
117,51.173.229.255,0
117,51.81.166.201,0
117,41.215.236.152,0
117,37.230.41.123,0
117,58.222.135.253,0
117,194.204.93.135,0
117,126.120.0.39,0
117,128.167.178.183,0
118,71.126.222.64,1
118,195.198.120.238,0
118,192.95.27.190,0
118,202.1.175.252,0
118,39.247.10.192,0
118,192.120.148.227,0
118,40.75.89.172,0
118,51.173.229.255,0
118,51.81.166.201,0
118,41.215.236.152,0
118,37.230.41.123,0
118,58.222.135.253,0
118,194.204.93.135,0
118,126.120.0.39,0
118,128.167.178.183,0
119,71.126.222.64,1
119,195.198.120.238,0
119,192.95.27.190,0
119,202.1.175.252,0
119,39.247.10.192,1
119,192.120.148.227,0
119,40.75.89.172,0
119,51.173.229.255,1
119,51.81.166.201,0
119,41.215.236.152,0
119,37.230.41.123,0
119,58.222.135.253,0
119,194.204.93.135,0
119,126.120.0.39,0
119,128.167.178.183,0
120,71.126.222.64,1
120,195.198.120.238,0
120,192.95.27.190,0
120,202.1.175.252,0
120,39.247.10.192,0
120,192.120.148.227,0
120,40.75.89.172,0
120,51.173.229.255,0
120,51.81.166.201,0
120,41.215.236.152,0
120,37.230.41.123,0
120,58.222.135.253,1
120,194.204.93.135,0
120,126.120.0.39,0
120,128.167.178.183,0
121,71.126.222.64,1
121,195.198.120.238,1
121,192.95.27.190,1
121,202.1.175.252,0
121,39.247.10.192,1
121,192.120.148.227,0
121,40.75.89.172,0
121,51.173.229.255,0
121,51.81.166.201,0
121,41.215.236.152,0
121,37.230.41.123,0
121,58.222.135.253,0
121,194.204.93.135,0
121,126.120.0.39,0
121,128.167.178.183,0
122,71.126.222.64,1
122,195.198.120.238,0
122,192.95.27.190,0
122,202.1.175.252,0
122,39.247.10.192,0
122,192.120.148.227,0
122,40.75.89.172,0
122,51.173.229.255,0
122,51.81.166.201,0
122,41.215.236.152,0
122,37.230.41.123,0
122,58.222.135.253,0
122,194.204.93.135,0
122,126.120.0.39,0
122,128.167.178.183,0
123,71.126.222.64,1
123,195.198.120.238,0
123,192.95.27.190,0
123,202.1.175.252,0
123,39.247.10.192,0
123,192.120.148.227,0
123,40.75.89.172,0
123,51.173.229.255,0
123,51.81.166.201,0
123,41.215.236.152,0
123,37.230.41.123,0
123,58.222.135.253,0
123,194.204.93.135,0
123,126.120.0.39,0
123,128.167.178.183,0
124,71.126.222.64,1
124,195.198.120.238,0
124,192.95.27.190,0
124,202.1.175.252,0
124,39.247.10.192,0
124,192.120.148.227,0
124,40.75.89.172,0
124,51.173.229.255,0
124,51.81.166.201,0
124,41.215.236.152,0
124,37.230.41.123,0
124,58.222.135.253,0
124,194.204.93.135,0
124,126.120.0.39,0
124,128.167.178.183,0
125,71.126.222.64,1
125,195.198.120.238,0
125,192.95.27.190,0
125,202.1.175.252,0
125,39.247.10.192,0
125,192.120.148.227,0
125,40.75.89.172,0
125,51.173.229.255,0
125,51.81.166.201,0
125,41.215.236.152,0
125,37.230.41.123,0
125,58.222.135.253,0
125,194.204.93.135,0
125,126.120.0.39,0
125,128.167.178.183,0
126,71.126.222.64,1
126,195.198.120.238,0
126,192.95.27.190,0
126,202.1.175.252,0
126,39.247.10.192,0
126,192.120.148.227,0
126,40.75.89.172,0
126,51.173.229.255,1
126,51.81.166.201,0
126,41.215.236.152,0
126,37.230.41.123,0
126,58.222.135.253,0
126,194.204.93.135,0
126,126.120.0.39,0
126,128.167.178.183,0
127,71.126.222.64,1
127,195.198.120.238,0
127,192.95.27.190,0
127,202.1.175.252,0
127,39.247.10.192,0
127,192.120.148.227,0
127,40.75.89.172,0
127,51.173.229.255,0
127,51.81.166.201,0
127,41.215.236.152,0
127,37.230.41.123,0
127,58.222.135.253,0
127,194.204.93.135,0
127,126.120.0.39,0
127,128.167.178.183,0
128,71.126.222.64,1
128,195.198.120.238,0
128,192.95.27.190,0
128,202.1.175.252,0
128,39.247.10.192,0
128,192.120.148.227,0
128,40.75.89.172,0
128,51.173.229.255,0
128,51.81.166.201,0
128,41.215.236.152,0
128,37.230.41.123,0
128,58.222.135.253,0
128,194.204.93.135,0
128,126.120.0.39,0
128,128.167.178.183,0
129,71.126.222.64,1
129,195.198.120.238,0
129,192.95.27.190,0
129,202.1.175.252,0
129,39.247.10.192,1
129,192.120.148.227,0
129,40.75.89.172,0
129,51.173.229.255,0
129,51.81.166.201,0
129,41.215.236.152,0
129,37.230.41.123,0
129,58.222.135.253,0
129,194.204.93.135,0
129,126.120.0.39,0
129,128.167.178.183,0
130,71.126.222.64,1
130,195.198.120.238,0
130,192.95.27.190,0
130,202.1.175.252,0
130,39.247.10.192,0
130,192.120.148.227,0
130,40.75.89.172,0
130,51.173.229.255,0
130,51.81.166.201,0
130,41.215.236.152,0
130,37.230.41.123,0
130,58.222.135.253,0
130,194.204.93.135,0
130,126.120.0.39,0
130,128.167.178.183,0
131,71.126.222.64,1
131,195.198.120.238,0
131,192.95.27.190,0
131,202.1.175.252,0
131,39.247.10.192,0
131,192.120.148.227,0
131,40.75.89.172,0
131,51.173.229.255,1
131,51.81.166.201,0
131,41.215.236.152,0
131,37.230.41.123,0
131,58.222.135.253,0
131,194.204.93.135,0
131,126.120.0.39,0
131,128.167.178.183,0
132,71.126.222.64,1
132,195.198.120.238,0
132,192.95.27.190,0
132,202.1.175.252,0
132,39.247.10.192,0
132,192.120.148.227,0
132,40.75.89.172,0
132,51.173.229.255,0
132,51.81.166.201,0
132,41.215.236.152,0
132,37.230.41.123,0
132,58.222.135.253,0
132,194.204.93.135,0
132,126.120.0.39,0
132,128.167.178.183,0
133,71.126.222.64,1
133,195.198.120.238,0
133,192.95.27.190,1
133,202.1.175.252,0
133,39.247.10.192,0
133,192.120.148.227,0
133,40.75.89.172,0
133,51.173.229.255,0
133,51.81.166.201,0
133,41.215.236.152,0
133,37.230.41.123,0
133,58.222.135.253,0
133,194.204.93.135,0
133,126.120.0.39,0
133,128.167.178.183,0
134,71.126.222.64,1
134,195.198.120.238,1
134,192.95.27.190,0
134,202.1.175.252,0
134,39.247.10.192,0
134,192.120.148.227,0
134,40.75.89.172,0
134,51.173.229.255,0
134,51.81.166.201,1
134,41.215.236.152,0
134,37.230.41.123,0
134,58.222.135.253,0
134,194.204.93.135,0
134,126.120.0.39,0
134,128.167.178.183,0
135,71.126.222.64,1
135,195.198.120.238,0
135,192.95.27.190,0
135,202.1.175.252,0
135,39.247.10.192,0
135,192.120.148.227,0
135,40.75.89.172,0
135,51.173.229.255,0
135,51.81.166.201,0
135,41.215.236.152,0
135,37.230.41.123,0
135,58.222.135.253,0
135,194.204.93.135,0
135,126.120.0.39,0
135,128.167.178.183,0
136,71.126.222.64,1
136,195.198.120.238,1
136,192.95.27.190,0
136,202.1.175.252,0
136,39.247.10.192,0
136,192.120.148.227,0
136,40.75.89.172,0
136,51.173.229.255,1
136,51.81.166.201,0
136,41.215.236.152,0
136,37.230.41.123,0
136,58.222.135.253,0
136,194.204.93.135,0
136,126.120.0.39,0
136,128.167.178.183,0
137,71.126.222.64,1
137,195.198.120.238,0
137,192.95.27.190,0
137,202.1.175.252,0
137,39.247.10.192,1
137,192.120.148.227,0
137,40.75.89.172,0
137,51.173.229.255,0
137,51.81.166.201,1
137,41.215.236.152,0
137,37.230.41.123,0
137,58.222.135.253,0
137,194.204.93.135,0
137,126.120.0.39,0
137,128.167.178.183,0
138,71.126.222.64,1
138,195.198.120.238,1
138,192.95.27.190,0
138,202.1.175.252,0
138,39.247.10.192,0
138,192.120.148.227,0
138,40.75.89.172,0
138,51.173.229.255,0
138,51.81.166.201,0
138,41.215.236.152,0
138,37.230.41.123,0
138,58.222.135.253,0
138,194.204.93.135,0
138,126.120.0.39,0
138,128.167.178.183,0
139,71.126.222.64,1
139,195.198.120.238,0
139,192.95.27.190,0
139,202.1.175.252,0
139,39.247.10.192,0
139,192.120.148.227,0
139,40.75.89.172,0
139,51.173.229.255,0
139,51.81.166.201,0
139,41.215.236.152,0
139,37.230.41.123,0
139,58.222.135.253,0
139,194.204.93.135,0
139,126.120.0.39,0
139,128.167.178.183,0
140,71.126.222.64,1
140,195.198.120.238,0
140,192.95.27.190,0
140,202.1.175.252,0
140,39.247.10.192,0
140,192.120.148.227,0
140,40.75.89.172,0
140,51.173.229.255,0
140,51.81.166.201,0
140,41.215.236.152,0
140,37.230.41.123,0
140,58.222.135.253,0
140,194.204.93.135,0
140,126.120.0.39,0
140,128.167.178.183,0
141,71.126.222.64,1
141,195.198.120.238,0
141,192.95.27.190,0
141,202.1.175.252,0
141,39.247.10.192,0
141,192.120.148.227,0
141,40.75.89.172,0
141,51.173.229.255,1
141,51.81.166.201,0
141,41.215.236.152,0
141,37.230.41.123,0
141,58.222.135.253,0
141,194.204.93.135,0
141,126.120.0.39,0
141,128.167.178.183,0
142,71.126.222.64,1
142,195.198.120.238,0
142,192.95.27.190,1
142,202.1.175.252,0
142,39.247.10.192,0
142,192.120.148.227,0
142,40.75.89.172,0
142,51.173.229.255,0
142,51.81.166.201,0
142,41.215.236.152,0
142,37.230.41.123,0
142,58.222.135.253,0
142,194.204.93.135,0
142,126.120.0.39,0
142,128.167.178.183,0
143,71.126.222.64,1
143,195.198.120.238,0
143,192.95.27.190,0
143,202.1.175.252,0
143,39.247.10.192,0
143,192.120.148.227,0
143,40.75.89.172,0
143,51.173.229.255,0
143,51.81.166.201,1
143,41.215.236.152,0
143,37.230.41.123,0
143,58.222.135.253,0
143,194.204.93.135,0
143,126.120.0.39,0
143,128.167.178.183,0
144,71.126.222.64,1
144,195.198.120.238,0
144,192.95.27.190,0
144,202.1.175.252,0
144,39.247.10.192,0
144,192.120.148.227,0
144,40.75.89.172,0
144,51.173.229.255,1
144,51.81.166.201,0
144,41.215.236.152,0
144,37.230.41.123,0
144,58.222.135.253,0
144,194.204.93.135,0
144,126.120.0.39,0
144,128.167.178.183,0
145,71.126.222.64,1
145,195.198.120.238,0
145,192.95.27.190,0
145,202.1.175.252,0
145,39.247.10.192,1
145,192.120.148.227,0
145,40.75.89.172,0
145,51.173.229.255,0
145,51.81.166.201,0
145,41.215.236.152,0
145,37.230.41.123,0
145,58.222.135.253,0
145,194.204.93.135,0
145,126.120.0.39,0
145,128.167.178.183,0
146,71.126.222.64,1
146,195.198.120.238,0
146,192.95.27.190,0
146,202.1.175.252,0
146,39.247.10.192,0
146,192.120.148.227,0
146,40.75.89.172,0
146,51.173.229.255,0
146,51.81.166.201,0
146,41.215.236.152,0
146,37.230.41.123,0
146,58.222.135.253,0
146,194.204.93.135,0
146,126.120.0.39,0
146,128.167.178.183,0
147,71.126.222.64,1
147,195.198.120.238,0
147,192.95.27.190,0
147,202.1.175.252,0
147,39.247.10.192,0
147,192.120.148.227,0
147,40.75.89.172,0
147,51.173.229.255,0
147,51.81.166.201,1
147,41.215.236.152,0
147,37.230.41.123,0
147,58.222.135.253,0
147,194.204.93.135,0
147,126.120.0.39,0
147,128.167.178.183,0
148,71.126.222.64,1
148,195.198.120.238,0
148,192.95.27.190,0
148,202.1.175.252,0
148,39.247.10.192,0
148,192.120.148.227,0
148,40.75.89.172,0
148,51.173.229.255,0
148,51.81.166.201,0
148,41.215.236.152,0
148,37.230.41.123,0
148,58.222.135.253,0
148,194.204.93.135,0
148,126.120.0.39,0
148,128.167.178.183,0
149,71.126.222.64,1
149,195.198.120.238,0
149,192.95.27.190,0
149,202.1.175.252,0
149,39.247.10.192,0
149,192.120.148.227,0
149,40.75.89.172,0
149,51.173.229.255,0
149,51.81.166.201,0
149,41.215.236.152,0
149,37.230.41.123,0
149,58.222.135.253,0
149,194.204.93.135,0
149,126.120.0.39,0
149,128.167.178.183,0
150,71.126.222.64,1
150,195.198.120.238,0
150,192.95.27.190,0
150,202.1.175.252,0
150,39.247.10.192,0
150,192.120.148.227,0
150,40.75.89.172,0
150,51.173.229.255,0
150,51.81.166.201,1
150,41.215.236.152,0
150,37.230.41.123,0
150,58.222.135.253,0
150,194.204.93.135,0
150,126.120.0.39,0
150,128.167.178.183,0
151,71.126.222.64,1
151,195.198.120.238,0
151,192.95.27.190,0
151,202.1.175.252,0
151,39.247.10.192,0
151,192.120.148.227,0
151,40.75.89.172,0
151,51.173.229.255,1
151,51.81.166.201,0
151,41.215.236.152,0
151,37.230.41.123,0
151,58.222.135.253,0
151,194.204.93.135,0
151,126.120.0.39,0
151,128.167.178.183,0
152,71.126.222.64,1
152,195.198.120.238,0
152,192.95.27.190,0
152,202.1.175.252,0
152,39.247.10.192,0
152,192.120.148.227,0
152,40.75.89.172,0
152,51.173.229.255,0
152,51.81.166.201,0
152,41.215.236.152,0
152,37.230.41.123,0
152,58.222.135.253,0
152,194.204.93.135,0
152,126.120.0.39,0
152,128.167.178.183,0
153,71.126.222.64,1
153,195.198.120.238,0
153,192.95.27.190,0
153,202.1.175.252,0
153,39.247.10.192,0
153,192.120.148.227,0
153,40.75.89.172,0
153,51.173.229.255,0
153,51.81.166.201,0
153,41.215.236.152,0
153,37.230.41.123,0
153,58.222.135.253,0
153,194.204.93.135,0
153,126.120.0.39,0
153,128.167.178.183,0
154,71.126.222.64,1
154,195.198.120.238,0
154,192.95.27.190,1
154,202.1.175.252,0
154,39.247.10.192,1
154,192.120.148.227,0
154,40.75.89.172,0
154,51.173.229.255,0
154,51.81.166.201,1
154,41.215.236.152,0
154,37.230.41.123,0
154,58.222.135.253,0
154,194.204.93.135,0
154,126.120.0.39,0
154,128.167.178.183,0
155,71.126.222.64,1
155,195.198.120.238,1
155,192.95.27.190,0
155,202.1.175.252,0
155,39.247.10.192,0
155,192.120.148.227,0
155,40.75.89.172,0
155,51.173.229.255,0
155,51.81.166.201,0
155,41.215.236.152,0
155,37.230.41.123,0
155,58.222.135.253,0
155,194.204.93.135,0
155,126.120.0.39,0
155,128.167.178.183,0
156,71.126.222.64,1
156,195.198.120.238,0
156,192.95.27.190,0
156,202.1.175.252,0
156,39.247.10.192,0
156,192.120.148.227,0
156,40.75.89.172,0
156,51.173.229.255,1
156,51.81.166.201,0
156,41.215.236.152,0
156,37.230.41.123,0
156,58.222.135.253,0
156,194.204.93.135,0
156,126.120.0.39,0
156,128.167.178.183,0
157,71.126.222.64,1
157,195.198.120.238,0
157,192.95.27.190,0
157,202.1.175.252,0
157,39.247.10.192,0
157,192.120.148.227,0
157,40.75.89.172,0
157,51.173.229.255,0
157,51.81.166.201,0
157,41.215.236.152,0
157,37.230.41.123,0
157,58.222.135.253,0
157,194.204.93.135,0
157,126.120.0.39,0
157,128.167.178.183,0
158,71.126.222.64,1
158,195.198.120.238,0
158,192.95.27.190,0
158,202.1.175.252,0
158,39.247.10.192,0
158,192.120.148.227,0
158,40.75.89.172,0
158,51.173.229.255,0
158,51.81.166.201,1
158,41.215.236.152,0
158,37.230.41.123,0
158,58.222.135.253,0
158,194.204.93.135,0
158,126.120.0.39,0
158,128.167.178.183,0
159,71.126.222.64,1
159,195.198.120.238,0
159,192.95.27.190,0
159,202.1.175.252,0
159,39.247.10.192,0
159,192.120.148.227,0
159,40.75.89.172,0
159,51.173.229.255,0
159,51.81.166.201,0
159,41.215.236.152,0
159,37.230.41.123,0
159,58.222.135.253,0
159,194.204.93.135,0
159,126.120.0.39,0
159,128.167.178.183,0
160,71.126.222.64,1
160,195.198.120.238,0
160,192.95.27.190,0
160,202.1.175.252,0
160,39.247.10.192,0
160,192.120.148.227,0
160,40.75.89.172,0
160,51.173.229.255,0
160,51.81.166.201,0
160,41.215.236.152,0
160,37.230.41.123,0
160,58.222.135.253,0
160,194.204.93.135,0
160,126.120.0.39,0
160,128.167.178.183,0
161,71.126.222.64,1
161,195.198.120.238,0
161,192.95.27.190,0
161,202.1.175.252,0
161,39.247.10.192,0
161,192.120.148.227,0
161,40.75.89.172,0
161,51.173.229.255,1
161,51.81.166.201,0
161,41.215.236.152,0
161,37.230.41.123,0
161,58.222.135.253,0
161,194.204.93.135,0
161,126.120.0.39,0
161,128.167.178.183,0
162,71.126.222.64,1
162,195.198.120.238,0
162,192.95.27.190,0
162,202.1.175.252,0
162,39.247.10.192,1
162,192.120.148.227,0
162,40.75.89.172,0
162,51.173.229.255,0
162,51.81.166.201,0
162,41.215.236.152,0
162,37.230.41.123,0
162,58.222.135.253,0
162,194.204.93.135,0
162,126.120.0.39,0
162,128.167.178.183,0
163,71.126.222.64,1
163,195.198.120.238,1
163,192.95.27.190,0
163,202.1.175.252,0
163,39.247.10.192,0
163,192.120.148.227,0
163,40.75.89.172,0
163,51.173.229.255,0
163,51.81.166.201,0
163,41.215.236.152,0
163,37.230.41.123,0
163,58.222.135.253,0
163,194.204.93.135,0
163,126.120.0.39,0
163,128.167.178.183,0
164,71.126.222.64,1
164,195.198.120.238,0
164,192.95.27.190,1
164,202.1.175.252,0
164,39.247.10.192,0
164,192.120.148.227,0
164,40.75.89.172,0
164,51.173.229.255,0
164,51.81.166.201,1
164,41.215.236.152,0
164,37.230.41.123,0
164,58.222.135.253,0
164,194.204.93.135,0
164,126.120.0.39,0
164,128.167.178.183,0
165,71.126.222.64,1
165,195.198.120.238,0
165,192.95.27.190,0
165,202.1.175.252,0
165,39.247.10.192,0
165,192.120.148.227,0
165,40.75.89.172,0
165,51.173.229.255,0
165,51.81.166.201,0
165,41.215.236.152,0
165,37.230.41.123,0
165,58.222.135.253,0
165,194.204.93.135,0
165,126.120.0.39,0
165,128.167.178.183,0
166,71.126.222.64,1
166,195.198.120.238,0
166,192.95.27.190,0
166,202.1.175.252,0
166,39.247.10.192,0
166,192.120.148.227,0
166,40.75.89.172,0
166,51.173.229.255,1
166,51.81.166.201,0
166,41.215.236.152,0
166,37.230.41.123,0
166,58.222.135.253,0
166,194.204.93.135,0
166,126.120.0.39,0
166,128.167.178.183,0
167,71.126.222.64,1
167,195.198.120.238,0
167,192.95.27.190,1
167,202.1.175.252,0
167,39.247.10.192,0
167,192.120.148.227,0
167,40.75.89.172,0
167,51.173.229.255,0
167,51.81.166.201,0
167,41.215.236.152,0
167,37.230.41.123,0
167,58.222.135.253,0
167,194.204.93.135,0
167,126.120.0.39,0
167,128.167.178.183,0
168,71.126.222.64,1
168,195.198.120.238,0
168,192.95.27.190,0
168,202.1.175.252,0
168,39.247.10.192,0
168,192.120.148.227,0
168,40.75.89.172,0
168,51.173.229.255,0
168,51.81.166.201,0
168,41.215.236.152,0
168,37.230.41.123,0
168,58.222.135.253,0
168,194.204.93.135,0
168,126.120.0.39,0
168,128.167.178.183,0
169,71.126.222.64,1
169,195.198.120.238,0
169,192.95.27.190,0
169,202.1.175.252,0
169,39.247.10.192,0
169,192.120.148.227,0
169,40.75.89.172,0
169,51.173.229.255,0
169,51.81.166.201,1
169,41.215.236.152,0
169,37.230.41.123,0
169,58.222.135.253,0
169,194.204.93.135,0
169,126.120.0.39,0
169,128.167.178.183,0
170,71.126.222.64,1
170,195.198.120.238,0
170,192.95.27.190,0
170,202.1.175.252,0
170,39.247.10.192,1
170,192.120.148.227,0
170,40.75.89.172,0
170,51.173.229.255,0
170,51.81.166.201,0
170,41.215.236.152,0
170,37.230.41.123,0
170,58.222.135.253,0
170,194.204.93.135,0
170,126.120.0.39,0
170,128.167.178.183,0
171,71.126.222.64,1
171,195.198.120.238,0
171,192.95.27.190,0
171,202.1.175.252,0
171,39.247.10.192,0
171,192.120.148.227,0
171,40.75.89.172,0
171,51.173.229.255,1
171,51.81.166.201,1
171,41.215.236.152,0
171,37.230.41.123,0
171,58.222.135.253,0
171,194.204.93.135,0
171,126.120.0.39,0
171,128.167.178.183,0
172,71.126.222.64,1
172,195.198.120.238,1
172,192.95.27.190,0
172,202.1.175.252,0
172,39.247.10.192,0
172,192.120.148.227,0
172,40.75.89.172,0
172,51.173.229.255,0
172,51.81.166.201,0
172,41.215.236.152,0
172,37.230.41.123,0
172,58.222.135.253,0
172,194.204.93.135,0
172,126.120.0.39,0
172,128.167.178.183,0
173,71.126.222.64,1
173,195.198.120.238,0
173,192.95.27.190,0
173,202.1.175.252,0
173,39.247.10.192,0
173,192.120.148.227,0
173,40.75.89.172,0
173,51.173.229.255,0
173,51.81.166.201,0
173,41.215.236.152,0
173,37.230.41.123,0
173,58.222.135.253,0
173,194.204.93.135,0
173,126.120.0.39,0
173,128.167.178.183,0
174,71.126.222.64,1
174,195.198.120.238,1
174,192.95.27.190,0
174,202.1.175.252,0
174,39.247.10.192,0
174,192.120.148.227,0
174,40.75.89.172,0
174,51.173.229.255,0
174,51.81.166.201,0
174,41.215.236.152,0
174,37.230.41.123,0
174,58.222.135.253,0
174,194.204.93.135,0
174,126.120.0.39,0
174,128.167.178.183,0
175,71.126.222.64,1
175,195.198.120.238,0
175,192.95.27.190,0
175,202.1.175.252,0
175,39.247.10.192,0
175,192.120.148.227,0
175,40.75.89.172,0
175,51.173.229.255,0
175,51.81.166.201,1
175,41.215.236.152,0
175,37.230.41.123,0
175,58.222.135.253,0
175,194.204.93.135,0
175,126.120.0.39,0
175,128.167.178.183,0
176,71.126.222.64,1
176,195.198.120.238,0
176,192.95.27.190,0
176,202.1.175.252,0
176,39.247.10.192,0
176,192.120.148.227,0
176,40.75.89.172,0
176,51.173.229.255,1
176,51.81.166.201,0
176,41.215.236.152,0
176,37.230.41.123,0
176,58.222.135.253,0
176,194.204.93.135,0
176,126.120.0.39,0
176,128.167.178.183,0
177,71.126.222.64,1
177,195.198.120.238,0
177,192.95.27.190,0
177,202.1.175.252,0
177,39.247.10.192,0
177,192.120.148.227,0
177,40.75.89.172,0
177,51.173.229.255,0
177,51.81.166.201,0
177,41.215.236.152,0
177,37.230.41.123,0
177,58.222.135.253,0
177,194.204.93.135,0
177,126.120.0.39,0
177,128.167.178.183,0
178,71.126.222.64,1
178,195.198.120.238,0
178,192.95.27.190,0
178,202.1.175.252,0
178,39.247.10.192,1
178,192.120.148.227,0
178,40.75.89.172,0
178,51.173.229.255,0
178,51.81.166.201,0
178,41.215.236.152,0
178,37.230.41.123,0
178,58.222.135.253,0
178,194.204.93.135,0
178,126.120.0.39,0
178,128.167.178.183,0
179,71.126.222.64,1
179,195.198.120.238,0
179,192.95.27.190,0
179,202.1.175.252,0
179,39.247.10.192,0
179,192.120.148.227,0
179,40.75.89.172,0
179,51.173.229.255,0
179,51.81.166.201,0
179,41.215.236.152,0
179,37.230.41.123,0
179,58.222.135.253,0
179,194.204.93.135,0
179,126.120.0.39,0
179,128.167.178.183,0
180,71.126.222.64,1
180,195.198.120.238,0
180,192.95.27.190,0
180,202.1.175.252,0
180,39.247.10.192,0
180,192.120.148.227,0
180,40.75.89.172,0
180,51.173.229.255,0
180,51.81.166.201,1
180,41.215.236.152,0
180,37.230.41.123,0
180,58.222.135.253,0
180,194.204.93.135,0
180,126.120.0.39,0
180,128.167.178.183,0
181,71.126.222.64,1
181,195.198.120.238,0
181,192.95.27.190,0
181,202.1.175.252,0
181,39.247.10.192,0
181,192.120.148.227,0
181,40.75.89.172,0
181,51.173.229.255,1
181,51.81.166.201,0
181,41.215.236.152,0
181,37.230.41.123,0
181,58.222.135.253,0
181,194.204.93.135,0
181,126.120.0.39,0
181,128.167.178.183,0
182,71.126.222.64,1
182,195.198.120.238,0
182,192.95.27.190,0
182,202.1.175.252,0
182,39.247.10.192,0
182,192.120.148.227,0
182,40.75.89.172,0
182,51.173.229.255,0
182,51.81.166.201,0
182,41.215.236.152,0
182,37.230.41.123,0
182,58.222.135.253,0
182,194.204.93.135,0
182,126.120.0.39,0
182,128.167.178.183,0
183,71.126.222.64,1
183,195.198.120.238,0
183,192.95.27.190,0
183,202.1.175.252,0
183,39.247.10.192,0
183,192.120.148.227,0
183,40.75.89.172,0
183,51.173.229.255,0
183,51.81.166.201,0
183,41.215.236.152,0
183,37.230.41.123,0
183,58.222.135.253,0
183,194.204.93.135,0
183,126.120.0.39,0
183,128.167.178.183,0
184,71.126.222.64,1
184,195.198.120.238,0
184,192.95.27.190,0
184,202.1.175.252,0
184,39.247.10.192,0
184,192.120.148.227,0
184,40.75.89.172,0
184,51.173.229.255,0
184,51.81.166.201,1
184,41.215.236.152,0
184,37.230.41.123,0
184,58.222.135.253,0
184,194.204.93.135,0
184,126.120.0.39,0
184,128.167.178.183,0
185,71.126.222.64,1
185,195.198.120.238,0
185,192.95.27.190,0
185,202.1.175.252,0
185,39.247.10.192,0
185,192.120.148.227,0
185,40.75.89.172,0
185,51.173.229.255,0
185,51.81.166.201,0
185,41.215.236.152,0
185,37.230.41.123,0
185,58.222.135.253,0
185,194.204.93.135,0
185,126.120.0.39,0
185,128.167.178.183,0
186,71.126.222.64,1
186,195.198.120.238,0
186,192.95.27.190,0
186,202.1.175.252,0
186,39.247.10.192,1
186,192.120.148.227,0
186,40.75.89.172,0
186,51.173.229.255,1
186,51.81.166.201,0
186,41.215.236.152,0
186,37.230.41.123,0
186,58.222.135.253,0
186,194.204.93.135,0
186,126.120.0.39,0
186,128.167.178.183,0
187,71.126.222.64,1
187,195.198.120.238,1
187,192.95.27.190,0
187,202.1.175.252,0
187,39.247.10.192,0
187,192.120.148.227,0
187,40.75.89.172,0
187,51.173.229.255,0
187,51.81.166.201,0
187,41.215.236.152,0
187,37.230.41.123,0
187,58.222.135.253,0
187,194.204.93.135,0
187,126.120.0.39,0
187,128.167.178.183,0
188,71.126.222.64,1
188,195.198.120.238,0
188,192.95.27.190,0
188,202.1.175.252,0
188,39.247.10.192,0
188,192.120.148.227,0
188,40.75.89.172,0
188,51.173.229.255,0
188,51.81.166.201,0
188,41.215.236.152,0
188,37.230.41.123,0
188,58.222.135.253,0
188,194.204.93.135,0
188,126.120.0.39,0
188,128.167.178.183,0
189,71.126.222.64,1
189,195.198.120.238,0
189,192.95.27.190,0
189,202.1.175.252,0
189,39.247.10.192,0
189,192.120.148.227,0
189,40.75.89.172,0
189,51.173.229.255,0
189,51.81.166.201,0
189,41.215.236.152,0
189,37.230.41.123,0
189,58.222.135.253,0
189,194.204.93.135,0
189,126.120.0.39,0
189,128.167.178.183,0
190,71.126.222.64,1
190,195.198.120.238,0
190,192.95.27.190,0
190,202.1.175.252,0
190,39.247.10.192,0
190,192.120.148.227,0
190,40.75.89.172,0
190,51.173.229.255,0
190,51.81.166.201,0
190,41.215.236.152,0
190,37.230.41.123,0
190,58.222.135.253,1
190,194.204.93.135,0
190,126.120.0.39,0
190,128.167.178.183,0
191,71.126.222.64,1
191,195.198.120.238,0
191,192.95.27.190,0
191,202.1.175.252,0
191,39.247.10.192,0
191,192.120.148.227,0
191,40.75.89.172,0
191,51.173.229.255,1
191,51.81.166.201,1
191,41.215.236.152,0
191,37.230.41.123,0
191,58.222.135.253,0
191,194.204.93.135,0
191,126.120.0.39,0
191,128.167.178.183,0
192,71.126.222.64,1
192,195.198.120.238,0
192,192.95.27.190,0
192,202.1.175.252,0
192,39.247.10.192,0
192,192.120.148.227,0
192,40.75.89.172,0
192,51.173.229.255,1
192,51.81.166.201,0
192,41.215.236.152,0
192,37.230.41.123,0
192,58.222.135.253,0
192,194.204.93.135,0
192,126.120.0.39,0
192,128.167.178.183,0
193,71.126.222.64,1
193,195.198.120.238,0
193,192.95.27.190,0
193,202.1.175.252,0
193,39.247.10.192,0
193,192.120.148.227,0
193,40.75.89.172,0
193,51.173.229.255,0
193,51.81.166.201,1
193,41.215.236.152,0
193,37.230.41.123,0
193,58.222.135.253,0
193,194.204.93.135,0
193,126.120.0.39,0
193,128.167.178.183,0
194,71.126.222.64,1
194,195.198.120.238,0
194,192.95.27.190,0
194,202.1.175.252,0
194,39.247.10.192,1
194,192.120.148.227,0
194,40.75.89.172,0
194,51.173.229.255,0
194,51.81.166.201,0
194,41.215.236.152,0
194,37.230.41.123,0
194,58.222.135.253,0
194,194.204.93.135,0
194,126.120.0.39,0
194,128.167.178.183,0
195,71.126.222.64,1
195,195.198.120.238,0
195,192.95.27.190,0
195,202.1.175.252,0
195,39.247.10.192,0
195,192.120.148.227,0
195,40.75.89.172,0
195,51.173.229.255,0
195,51.81.166.201,0
195,41.215.236.152,0
195,37.230.41.123,0
195,58.222.135.253,0
195,194.204.93.135,0
195,126.120.0.39,0
195,128.167.178.183,0
196,71.126.222.64,1
196,195.198.120.238,0
196,192.95.27.190,0
196,202.1.175.252,0
196,39.247.10.192,0
196,192.120.148.227,0
196,40.75.89.172,0
196,51.173.229.255,0
196,51.81.166.201,0
196,41.215.236.152,0
196,37.230.41.123,0
196,58.222.135.253,0
196,194.204.93.135,0
196,126.120.0.39,0
196,128.167.178.183,0
197,71.126.222.64,1
197,195.198.120.238,0
197,192.95.27.190,0
197,202.1.175.252,0
197,39.247.10.192,0
197,192.120.148.227,0
197,40.75.89.172,0
197,51.173.229.255,0
197,51.81.166.201,0
197,41.215.236.152,0
197,37.230.41.123,0
197,58.222.135.253,0
197,194.204.93.135,0
197,126.120.0.39,0
197,128.167.178.183,0
198,71.126.222.64,1
198,195.198.120.238,0
198,192.95.27.190,0
198,202.1.175.252,0
198,39.247.10.192,0
198,192.120.148.227,0
198,40.75.89.172,0
198,51.173.229.255,0
198,51.81.166.201,1
198,41.215.236.152,0
198,37.230.41.123,0
198,58.222.135.253,0
198,194.204.93.135,0
198,126.120.0.39,0
198,128.167.178.183,0
199,71.126.222.64,1
199,195.198.120.238,0
199,192.95.27.190,0
199,202.1.175.252,0
199,39.247.10.192,0
199,192.120.148.227,0
199,40.75.89.172,0
199,51.173.229.255,0
199,51.81.166.201,0
199,41.215.236.152,0
199,37.230.41.123,0
199,58.222.135.253,0
199,194.204.93.135,0
199,126.120.0.39,0
199,128.167.178.183,0
200,71.126.222.64,1
200,195.198.120.238,0
200,192.95.27.190,0
200,202.1.175.252,0
200,39.247.10.192,0
200,192.120.148.227,0
200,40.75.89.172,0
200,51.173.229.255,0
200,51.81.166.201,0
200,41.215.236.152,0
200,37.230.41.123,0
200,58.222.135.253,0
200,194.204.93.135,0
200,126.120.0.39,0
200,128.167.178.183,0
201,71.126.222.64,1
201,195.198.120.238,0
201,192.95.27.190,0
201,202.1.175.252,0
201,39.247.10.192,0
201,192.120.148.227,0
201,40.75.89.172,0
201,51.173.229.255,0
201,51.81.166.201,0
201,41.215.236.152,0
201,37.230.41.123,0
201,58.222.135.253,0
201,194.204.93.135,0
201,126.120.0.39,0
201,128.167.178.183,0
202,71.126.222.64,1
202,195.198.120.238,0
202,192.95.27.190,0
202,202.1.175.252,0
202,39.247.10.192,0
202,192.120.148.227,0
202,40.75.89.172,0
202,51.173.229.255,0
202,51.81.166.201,0
202,41.215.236.152,0
202,37.230.41.123,0
202,58.222.135.253,0
202,194.204.93.135,0
202,126.120.0.39,0
202,128.167.178.183,0
203,71.126.222.64,1
203,195.198.120.238,0
203,192.95.27.190,1
203,202.1.175.252,0
203,39.247.10.192,0
203,192.120.148.227,0
203,40.75.89.172,0
203,51.173.229.255,0
203,51.81.166.201,0
203,41.215.236.152,0
203,37.230.41.123,0
203,58.222.135.253,0
203,194.204.93.135,0
203,126.120.0.39,0
203,128.167.178.183,0
204,71.126.222.64,1
204,195.198.120.238,1
204,192.95.27.190,1
204,202.1.175.252,1
204,39.247.10.192,0
204,192.120.148.227,1
204,40.75.89.172,1
204,51.173.229.255,1
204,51.81.166.201,1
204,41.215.236.152,0
204,37.230.41.123,0
204,58.222.135.253,0
204,194.204.93.135,0
204,126.120.0.39,0
204,128.167.178.183,0
205,71.126.222.64,1
205,195.198.120.238,1
205,192.95.27.190,0
205,202.1.175.252,0
205,39.247.10.192,0
205,192.120.148.227,0
205,40.75.89.172,0
205,51.173.229.255,0
205,51.81.166.201,1
205,41.215.236.152,0
205,37.230.41.123,0
205,58.222.135.253,0
205,194.204.93.135,0
205,126.120.0.39,0
205,128.167.178.183,0
206,71.126.222.64,1
206,195.198.120.238,0
206,192.95.27.190,0
206,202.1.175.252,0
206,39.247.10.192,0
206,192.120.148.227,0
206,40.75.89.172,0
206,51.173.229.255,0
206,51.81.166.201,0
206,41.215.236.152,0
206,37.230.41.123,0
206,58.222.135.253,0
206,194.204.93.135,0
206,126.120.0.39,0
206,128.167.178.183,0
207,71.126.222.64,1
207,195.198.120.238,0
207,192.95.27.190,0
207,202.1.175.252,0
207,39.247.10.192,0
207,192.120.148.227,0
207,40.75.89.172,0
207,51.173.229.255,0
207,51.81.166.201,0
207,41.215.236.152,0
207,37.230.41.123,0
207,58.222.135.253,0
207,194.204.93.135,0
207,126.120.0.39,0
207,128.167.178.183,0
208,71.126.222.64,1
208,195.198.120.238,0
208,192.95.27.190,0
208,202.1.175.252,0
208,39.247.10.192,0
208,192.120.148.227,0
208,40.75.89.172,0
208,51.173.229.255,0
208,51.81.166.201,0
208,41.215.236.152,0
208,37.230.41.123,0
208,58.222.135.253,0
208,194.204.93.135,0
208,126.120.0.39,0
208,128.167.178.183,0
209,71.126.222.64,1
209,195.198.120.238,0
209,192.95.27.190,0
209,202.1.175.252,0
209,39.247.10.192,0
209,192.120.148.227,0
209,40.75.89.172,0
209,51.173.229.255,0
209,51.81.166.201,0
209,41.215.236.152,0
209,37.230.41.123,0
209,58.222.135.253,0
209,194.204.93.135,0
209,126.120.0.39,0
209,128.167.178.183,0
210,71.126.222.64,1
210,195.198.120.238,0
210,192.95.27.190,0
210,202.1.175.252,0
210,39.247.10.192,0
210,192.120.148.227,0
210,40.75.89.172,0
210,51.173.229.255,0
210,51.81.166.201,0
210,41.215.236.152,0
210,37.230.41.123,0
210,58.222.135.253,0
210,194.204.93.135,0
210,126.120.0.39,0
210,128.167.178.183,0
211,71.126.222.64,1
211,195.198.120.238,0
211,192.95.27.190,0
211,202.1.175.252,0
211,39.247.10.192,0
211,192.120.148.227,0
211,40.75.89.172,0
211,51.173.229.255,0
211,51.81.166.201,0
211,41.215.236.152,0
211,37.230.41.123,0
211,58.222.135.253,0
211,194.204.93.135,0
211,126.120.0.39,0
211,128.167.178.183,0
212,71.126.222.64,1
212,195.198.120.238,0
212,192.95.27.190,0
212,202.1.175.252,0
212,39.247.10.192,0
212,192.120.148.227,0
212,40.75.89.172,0
212,51.173.229.255,0
212,51.81.166.201,0
212,41.215.236.152,0
212,37.230.41.123,0
212,58.222.135.253,0
212,194.204.93.135,0
212,126.120.0.39,0
212,128.167.178.183,0
213,71.126.222.64,1
213,195.198.120.238,0
213,192.95.27.190,0
213,202.1.175.252,0
213,39.247.10.192,1
213,192.120.148.227,0
213,40.75.89.172,0
213,51.173.229.255,0
213,51.81.166.201,0
213,41.215.236.152,0
213,37.230.41.123,0
213,58.222.135.253,0
213,194.204.93.135,0
213,126.120.0.39,0
213,128.167.178.183,0
214,71.126.222.64,1
214,195.198.120.238,0
214,192.95.27.190,0
214,202.1.175.252,0
214,39.247.10.192,0
214,192.120.148.227,0
214,40.75.89.172,0
214,51.173.229.255,1
214,51.81.166.201,1
214,41.215.236.152,0
214,37.230.41.123,0
214,58.222.135.253,0
214,194.204.93.135,0
214,126.120.0.39,0
214,128.167.178.183,0
215,71.126.222.64,1
215,195.198.120.238,1
215,192.95.27.190,0
215,202.1.175.252,0
215,39.247.10.192,1
215,192.120.148.227,0
215,40.75.89.172,0
215,51.173.229.255,1
215,51.81.166.201,0
215,41.215.236.152,0
215,37.230.41.123,0
215,58.222.135.253,0
215,194.204.93.135,0
215,126.120.0.39,0
215,128.167.178.183,0
216,71.126.222.64,1
216,195.198.120.238,0
216,192.95.27.190,0
216,202.1.175.252,0
216,39.247.10.192,0
216,192.120.148.227,0
216,40.75.89.172,0
216,51.173.229.255,0
216,51.81.166.201,1
216,41.215.236.152,0
216,37.230.41.123,0
216,58.222.135.253,0
216,194.204.93.135,0
216,126.120.0.39,0
216,128.167.178.183,0
217,71.126.222.64,1
217,195.198.120.238,0
217,192.95.27.190,0
217,202.1.175.252,0
217,39.247.10.192,0
217,192.120.148.227,0
217,40.75.89.172,0
217,51.173.229.255,0
217,51.81.166.201,0
217,41.215.236.152,0
217,37.230.41.123,0
217,58.222.135.253,0
217,194.204.93.135,0
217,126.120.0.39,0
217,128.167.178.183,0
218,71.126.222.64,1
218,195.198.120.238,0
218,192.95.27.190,0
218,202.1.175.252,0
218,39.247.10.192,0
218,192.120.148.227,0
218,40.75.89.172,0
218,51.173.229.255,0
218,51.81.166.201,0
218,41.215.236.152,0
218,37.230.41.123,0
218,58.222.135.253,0
218,194.204.93.135,0
218,126.120.0.39,0
218,128.167.178.183,0
219,71.126.222.64,1
219,195.198.120.238,0
219,192.95.27.190,0
219,202.1.175.252,0
219,39.247.10.192,1
219,192.120.148.227,0
219,40.75.89.172,0
219,51.173.229.255,0
219,51.81.166.201,0
219,41.215.236.152,0
219,37.230.41.123,0
219,58.222.135.253,0
219,194.204.93.135,0
219,126.120.0.39,0
219,128.167.178.183,0
220,71.126.222.64,1
220,195.198.120.238,0
220,192.95.27.190,0
220,202.1.175.252,0
220,39.247.10.192,0
220,192.120.148.227,0
220,40.75.89.172,0
220,51.173.229.255,0
220,51.81.166.201,0
220,41.215.236.152,0
220,37.230.41.123,0
220,58.222.135.253,0
220,194.204.93.135,0
220,126.120.0.39,0
220,128.167.178.183,0
221,71.126.222.64,1
221,195.198.120.238,0
221,192.95.27.190,0
221,202.1.175.252,0
221,39.247.10.192,0
221,192.120.148.227,0
221,40.75.89.172,0
221,51.173.229.255,0
221,51.81.166.201,0
221,41.215.236.152,0
221,37.230.41.123,0
221,58.222.135.253,0
221,194.204.93.135,0
221,126.120.0.39,0
221,128.167.178.183,0
222,71.126.222.64,1
222,195.198.120.238,0
222,192.95.27.190,0
222,202.1.175.252,0
222,39.247.10.192,1
222,192.120.148.227,0
222,40.75.89.172,0
222,51.173.229.255,0
222,51.81.166.201,0
222,41.215.236.152,0
222,37.230.41.123,0
222,58.222.135.253,0
222,194.204.93.135,0
222,126.120.0.39,0
222,128.167.178.183,0
223,71.126.222.64,1
223,195.198.120.238,0
223,192.95.27.190,0
223,202.1.175.252,0
223,39.247.10.192,0
223,192.120.148.227,0
223,40.75.89.172,0
223,51.173.229.255,0
223,51.81.166.201,1
223,41.215.236.152,0
223,37.230.41.123,0
223,58.222.135.253,0
223,194.204.93.135,0
223,126.120.0.39,0
223,128.167.178.183,0
224,71.126.222.64,1
224,195.198.120.238,0
224,192.95.27.190,0
224,202.1.175.252,0
224,39.247.10.192,1
224,192.120.148.227,0
224,40.75.89.172,0
224,51.173.229.255,0
224,51.81.166.201,0
224,41.215.236.152,0
224,37.230.41.123,0
224,58.222.135.253,0
224,194.204.93.135,0
224,126.120.0.39,0
224,128.167.178.183,0
225,71.126.222.64,1
225,195.198.120.238,0
225,192.95.27.190,0
225,202.1.175.252,0
225,39.247.10.192,0
225,192.120.148.227,0
225,40.75.89.172,0
225,51.173.229.255,0
225,51.81.166.201,0
225,41.215.236.152,0
225,37.230.41.123,0
225,58.222.135.253,0
225,194.204.93.135,0
225,126.120.0.39,0
225,128.167.178.183,0
226,71.126.222.64,1
226,195.198.120.238,0
226,192.95.27.190,0
226,202.1.175.252,0
226,39.247.10.192,0
226,192.120.148.227,0
226,40.75.89.172,0
226,51.173.229.255,0
226,51.81.166.201,0
226,41.215.236.152,0
226,37.230.41.123,0
226,58.222.135.253,0
226,194.204.93.135,0
226,126.120.0.39,0
226,128.167.178.183,0
227,71.126.222.64,1
227,195.198.120.238,0
227,192.95.27.190,0
227,202.1.175.252,0
227,39.247.10.192,1
227,192.120.148.227,0
227,40.75.89.172,0
227,51.173.229.255,0
227,51.81.166.201,0
227,41.215.236.152,0
227,37.230.41.123,0
227,58.222.135.253,0
227,194.204.93.135,0
227,126.120.0.39,0
227,128.167.178.183,0
228,71.126.222.64,1
228,195.198.120.238,0
228,192.95.27.190,0
228,202.1.175.252,0
228,39.247.10.192,0
228,192.120.148.227,0
228,40.75.89.172,0
228,51.173.229.255,0
228,51.81.166.201,1
228,41.215.236.152,0
228,37.230.41.123,0
228,58.222.135.253,0
228,194.204.93.135,0
228,126.120.0.39,0
228,128.167.178.183,0
229,71.126.222.64,1
229,195.198.120.238,0
229,192.95.27.190,0
229,202.1.175.252,0
229,39.247.10.192,0
229,192.120.148.227,0
229,40.75.89.172,0
229,51.173.229.255,0
229,51.81.166.201,0
229,41.215.236.152,0
229,37.230.41.123,0
229,58.222.135.253,0
229,194.204.93.135,0
229,126.120.0.39,0
229,128.167.178.183,0
230,71.126.222.64,1
230,195.198.120.238,0
230,192.95.27.190,0
230,202.1.175.252,0
230,39.247.10.192,1
230,192.120.148.227,0
230,40.75.89.172,0
230,51.173.229.255,0
230,51.81.166.201,0
230,41.215.236.152,0
230,37.230.41.123,0
230,58.222.135.253,0
230,194.204.93.135,0
230,126.120.0.39,0
230,128.167.178.183,0
231,71.126.222.64,1
231,195.198.120.238,0
231,192.95.27.190,1
231,202.1.175.252,0
231,39.247.10.192,0
231,192.120.148.227,0
231,40.75.89.172,0
231,51.173.229.255,0
231,51.81.166.201,0
231,41.215.236.152,0
231,37.230.41.123,0
231,58.222.135.253,0
231,194.204.93.135,0
231,126.120.0.39,0
231,128.167.178.183,0
232,71.126.222.64,1
232,195.198.120.238,1
232,192.95.27.190,0
232,202.1.175.252,0
232,39.247.10.192,0
232,192.120.148.227,0
232,40.75.89.172,0
232,51.173.229.255,0
232,51.81.166.201,0
232,41.215.236.152,0
232,37.230.41.123,0
232,58.222.135.253,0
232,194.204.93.135,0
232,126.120.0.39,0
232,128.167.178.183,0
233,71.126.222.64,1
233,195.198.120.238,0
233,192.95.27.190,0
233,202.1.175.252,0
233,39.247.10.192,0
233,192.120.148.227,0
233,40.75.89.172,0
233,51.173.229.255,0
233,51.81.166.201,0
233,41.215.236.152,0
233,37.230.41.123,0
233,58.222.135.253,0
233,194.204.93.135,0
233,126.120.0.39,0
233,128.167.178.183,0
234,71.126.222.64,1
234,195.198.120.238,0
234,192.95.27.190,1
234,202.1.175.252,0
234,39.247.10.192,0
234,192.120.148.227,0
234,40.75.89.172,0
234,51.173.229.255,0
234,51.81.166.201,0
234,41.215.236.152,0
234,37.230.41.123,0
234,58.222.135.253,0
234,194.204.93.135,0
234,126.120.0.39,0
234,128.167.178.183,0
235,71.126.222.64,1
235,195.198.120.238,0
235,192.95.27.190,0
235,202.1.175.252,0
235,39.247.10.192,1
235,192.120.148.227,0
235,40.75.89.172,0
235,51.173.229.255,0
235,51.81.166.201,0
235,41.215.236.152,0
235,37.230.41.123,0
235,58.222.135.253,0
235,194.204.93.135,0
235,126.120.0.39,0
235,128.167.178.183,0
236,71.126.222.64,1
236,195.198.120.238,0
236,192.95.27.190,0
236,202.1.175.252,0
236,39.247.10.192,0
236,192.120.148.227,0
236,40.75.89.172,0
236,51.173.229.255,0
236,51.81.166.201,1
236,41.215.236.152,0
236,37.230.41.123,0
236,58.222.135.253,0
236,194.204.93.135,0
236,126.120.0.39,0
236,128.167.178.183,0
237,71.126.222.64,1
237,195.198.120.238,0
237,192.95.27.190,0
237,202.1.175.252,0
237,39.247.10.192,1
237,192.120.148.227,0
237,40.75.89.172,0
237,51.173.229.255,0
237,51.81.166.201,0
237,41.215.236.152,0
237,37.230.41.123,0
237,58.222.135.253,0
237,194.204.93.135,0
237,126.120.0.39,0
237,128.167.178.183,0
238,71.126.222.64,1
238,195.198.120.238,0
238,192.95.27.190,0
238,202.1.175.252,0
238,39.247.10.192,0
238,192.120.148.227,0
238,40.75.89.172,0
238,51.173.229.255,0
238,51.81.166.201,0
238,41.215.236.152,0
238,37.230.41.123,0
238,58.222.135.253,0
238,194.204.93.135,0
238,126.120.0.39,0
238,128.167.178.183,0
239,71.126.222.64,1
239,195.198.120.238,0
239,192.95.27.190,0
239,202.1.175.252,0
239,39.247.10.192,1
239,192.120.148.227,0
239,40.75.89.172,0
239,51.173.229.255,0
239,51.81.166.201,0
239,41.215.236.152,0
239,37.230.41.123,0
239,58.222.135.253,0
239,194.204.93.135,0
239,126.120.0.39,0
239,128.167.178.183,0
240,71.126.222.64,1
240,195.198.120.238,0
240,192.95.27.190,0
240,202.1.175.252,0
240,39.247.10.192,0
240,192.120.148.227,0
240,40.75.89.172,0
240,51.173.229.255,0
240,51.81.166.201,0
240,41.215.236.152,0
240,37.230.41.123,0
240,58.222.135.253,0
240,194.204.93.135,0
240,126.120.0.39,0
240,128.167.178.183,0
241,71.126.222.64,1
241,195.198.120.238,0
241,192.95.27.190,0
241,202.1.175.252,0
241,39.247.10.192,0
241,192.120.148.227,0
241,40.75.89.172,0
241,51.173.229.255,0
241,51.81.166.201,0
241,41.215.236.152,0
241,37.230.41.123,0
241,58.222.135.253,0
241,194.204.93.135,0
241,126.120.0.39,0
241,128.167.178.183,0
242,71.126.222.64,1
242,195.198.120.238,0
242,192.95.27.190,0
242,202.1.175.252,0
242,39.247.10.192,0
242,192.120.148.227,0
242,40.75.89.172,0
242,51.173.229.255,0
242,51.81.166.201,1
242,41.215.236.152,0
242,37.230.41.123,0
242,58.222.135.253,0
242,194.204.93.135,0
242,126.120.0.39,0
242,128.167.178.183,0
243,71.126.222.64,1
243,195.198.120.238,0
243,192.95.27.190,0
243,202.1.175.252,0
243,39.247.10.192,1
243,192.120.148.227,0
243,40.75.89.172,0
243,51.173.229.255,0
243,51.81.166.201,0
243,41.215.236.152,0
243,37.230.41.123,0
243,58.222.135.253,0
243,194.204.93.135,0
243,126.120.0.39,0
243,128.167.178.183,0
244,71.126.222.64,1
244,195.198.120.238,0
244,192.95.27.190,0
244,202.1.175.252,0
244,39.247.10.192,0
244,192.120.148.227,0
244,40.75.89.172,0
244,51.173.229.255,0
244,51.81.166.201,0
244,41.215.236.152,0
244,37.230.41.123,0
244,58.222.135.253,0
244,194.204.93.135,0
244,126.120.0.39,0
244,128.167.178.183,0
245,71.126.222.64,1
245,195.198.120.238,0
245,192.95.27.190,0
245,202.1.175.252,0
245,39.247.10.192,1
245,192.120.148.227,0
245,40.75.89.172,0
245,51.173.229.255,0
245,51.81.166.201,0
245,41.215.236.152,0
245,37.230.41.123,0
245,58.222.135.253,0
245,194.204.93.135,0
245,126.120.0.39,0
245,128.167.178.183,0
246,71.126.222.64,1
246,195.198.120.238,0
246,192.95.27.190,0
246,202.1.175.252,0
246,39.247.10.192,0
246,192.120.148.227,0
246,40.75.89.172,0
246,51.173.229.255,0
246,51.81.166.201,0
246,41.215.236.152,0
246,37.230.41.123,0
246,58.222.135.253,0
246,194.204.93.135,0
246,126.120.0.39,0
246,128.167.178.183,0
247,71.126.222.64,1
247,195.198.120.238,0
247,192.95.27.190,0
247,202.1.175.252,0
247,39.247.10.192,0
247,192.120.148.227,0
247,40.75.89.172,0
247,51.173.229.255,0
247,51.81.166.201,0
247,41.215.236.152,0
247,37.230.41.123,0
247,58.222.135.253,0
247,194.204.93.135,0
247,126.120.0.39,0
247,128.167.178.183,0
248,71.126.222.64,1
248,195.198.120.238,0
248,192.95.27.190,0
248,202.1.175.252,0
248,39.247.10.192,0
248,192.120.148.227,0
248,40.75.89.172,0
248,51.173.229.255,0
248,51.81.166.201,1
248,41.215.236.152,0
248,37.230.41.123,0
248,58.222.135.253,0
248,194.204.93.135,0
248,126.120.0.39,0
248,128.167.178.183,0
249,71.126.222.64,1
249,195.198.120.238,0
249,192.95.27.190,0
249,202.1.175.252,0
249,39.247.10.192,0
249,192.120.148.227,0
249,40.75.89.172,0
249,51.173.229.255,0
249,51.81.166.201,0
249,41.215.236.152,0
249,37.230.41.123,0
249,58.222.135.253,0
249,194.204.93.135,0
249,126.120.0.39,0
249,128.167.178.183,0
250,71.126.222.64,1
250,195.198.120.238,0
250,192.95.27.190,0
250,202.1.175.252,0
250,39.247.10.192,0
250,192.120.148.227,0
250,40.75.89.172,0
250,51.173.229.255,0
250,51.81.166.201,0
250,41.215.236.152,0
250,37.230.41.123,0
250,58.222.135.253,0
250,194.204.93.135,0
250,126.120.0.39,0
250,128.167.178.183,0
251,71.126.222.64,1
251,195.198.120.238,1
251,192.95.27.190,1
251,202.1.175.252,0
251,39.247.10.192,0
251,192.120.148.227,0
251,40.75.89.172,0
251,51.173.229.255,0
251,51.81.166.201,1
251,41.215.236.152,0
251,37.230.41.123,0
251,58.222.135.253,0
251,194.204.93.135,0
251,126.120.0.39,0
251,128.167.178.183,0
252,71.126.222.64,1
252,195.198.120.238,0
252,192.95.27.190,0
252,202.1.175.252,0
252,39.247.10.192,0
252,192.120.148.227,0
252,40.75.89.172,0
252,51.173.229.255,0
252,51.81.166.201,0
252,41.215.236.152,0
252,37.230.41.123,0
252,58.222.135.253,0
252,194.204.93.135,0
252,126.120.0.39,0
252,128.167.178.183,0
253,71.126.222.64,1
253,195.198.120.238,1
253,192.95.27.190,0
253,202.1.175.252,0
253,39.247.10.192,0
253,192.120.148.227,0
253,40.75.89.172,0
253,51.173.229.255,0
253,51.81.166.201,0
253,41.215.236.152,0
253,37.230.41.123,0
253,58.222.135.253,0
253,194.204.93.135,0
253,126.120.0.39,0
253,128.167.178.183,0
254,71.126.222.64,1
254,195.198.120.238,0
254,192.95.27.190,1
254,202.1.175.252,0
254,39.247.10.192,1
254,192.120.148.227,0
254,40.75.89.172,0
254,51.173.229.255,0
254,51.81.166.201,0
254,41.215.236.152,0
254,37.230.41.123,0
254,58.222.135.253,0
254,194.204.93.135,0
254,126.120.0.39,0
254,128.167.178.183,0
255,71.126.222.64,1
255,195.198.120.238,1
255,192.95.27.190,0
255,202.1.175.252,0
255,39.247.10.192,0
255,192.120.148.227,0
255,40.75.89.172,0
255,51.173.229.255,0
255,51.81.166.201,0
255,41.215.236.152,0
255,37.230.41.123,0
255,58.222.135.253,0
255,194.204.93.135,0
255,126.120.0.39,0
255,128.167.178.183,0
256,71.126.222.64,1
256,195.198.120.238,0
256,192.95.27.190,0
256,202.1.175.252,0
256,39.247.10.192,0
256,192.120.148.227,0
256,40.75.89.172,0
256,51.173.229.255,0
256,51.81.166.201,1
256,41.215.236.152,0
256,37.230.41.123,0
256,58.222.135.253,0
256,194.204.93.135,0
256,126.120.0.39,0
256,128.167.178.183,0
257,71.126.222.64,1
257,195.198.120.238,0
257,192.95.27.190,0
257,202.1.175.252,0
257,39.247.10.192,1
257,192.120.148.227,0
257,40.75.89.172,0
257,51.173.229.255,0
257,51.81.166.201,0
257,41.215.236.152,0
257,37.230.41.123,0
257,58.222.135.253,0
257,194.204.93.135,0
257,126.120.0.39,0
257,128.167.178.183,0
258,71.126.222.64,1
258,195.198.120.238,0
258,192.95.27.190,0
258,202.1.175.252,0
258,39.247.10.192,0
258,192.120.148.227,0
258,40.75.89.172,0
258,51.173.229.255,0
258,51.81.166.201,1
258,41.215.236.152,0
258,37.230.41.123,0
258,58.222.135.253,0
258,194.204.93.135,0
258,126.120.0.39,0
258,128.167.178.183,0
259,71.126.222.64,1
259,195.198.120.238,0
259,192.95.27.190,0
259,202.1.175.252,0
259,39.247.10.192,0
259,192.120.148.227,0
259,40.75.89.172,0
259,51.173.229.255,0
259,51.81.166.201,0
259,41.215.236.152,0
259,37.230.41.123,0
259,58.222.135.253,0
259,194.204.93.135,0
259,126.120.0.39,0
259,128.167.178.183,0
260,71.126.222.64,1
260,195.198.120.238,0
260,192.95.27.190,0
260,202.1.175.252,0
260,39.247.10.192,1
260,192.120.148.227,0
260,40.75.89.172,0
260,51.173.229.255,0
260,51.81.166.201,0
260,41.215.236.152,0
260,37.230.41.123,0
260,58.222.135.253,1
260,194.204.93.135,0
260,126.120.0.39,0
260,128.167.178.183,0
261,71.126.222.64,1
261,195.198.120.238,0
261,192.95.27.190,0
261,202.1.175.252,0
261,39.247.10.192,0
261,192.120.148.227,0
261,40.75.89.172,0
261,51.173.229.255,0
261,51.81.166.201,0
261,41.215.236.152,0
261,37.230.41.123,0
261,58.222.135.253,1
261,194.204.93.135,0
261,126.120.0.39,0
261,128.167.178.183,0
262,71.126.222.64,1
262,195.198.120.238,0
262,192.95.27.190,0
262,202.1.175.252,0
262,39.247.10.192,0
262,192.120.148.227,0
262,40.75.89.172,0
262,51.173.229.255,0
262,51.81.166.201,0
262,41.215.236.152,0
262,37.230.41.123,0
262,58.222.135.253,0
262,194.204.93.135,0
262,126.120.0.39,0
262,128.167.178.183,0
263,71.126.222.64,1
263,195.198.120.238,0
263,192.95.27.190,1
263,202.1.175.252,0
263,39.247.10.192,0
263,192.120.148.227,0
263,40.75.89.172,0
263,51.173.229.255,0
263,51.81.166.201,0
263,41.215.236.152,0
263,37.230.41.123,0
263,58.222.135.253,0
263,194.204.93.135,0
263,126.120.0.39,0
263,128.167.178.183,0
264,71.126.222.64,1
264,195.198.120.238,1
264,192.95.27.190,0
264,202.1.175.252,0
264,39.247.10.192,0
264,192.120.148.227,0
264,40.75.89.172,0
264,51.173.229.255,0
264,51.81.166.201,1
264,41.215.236.152,0
264,37.230.41.123,0
264,58.222.135.253,0
264,194.204.93.135,0
264,126.120.0.39,0
264,128.167.178.183,0
265,71.126.222.64,1
265,195.198.120.238,0
265,192.95.27.190,0
265,202.1.175.252,0
265,39.247.10.192,0
265,192.120.148.227,0
265,40.75.89.172,0
265,51.173.229.255,0
265,51.81.166.201,0
265,41.215.236.152,0
265,37.230.41.123,0
265,58.222.135.253,0
265,194.204.93.135,0
265,126.120.0.39,0
265,128.167.178.183,0
266,71.126.222.64,1
266,195.198.120.238,1
266,192.95.27.190,1
266,202.1.175.252,0
266,39.247.10.192,1
266,192.120.148.227,0
266,40.75.89.172,0
266,51.173.229.255,0
266,51.81.166.201,0
266,41.215.236.152,0
266,37.230.41.123,0
266,58.222.135.253,0
266,194.204.93.135,0
266,126.120.0.39,0
266,128.167.178.183,0
267,71.126.222.64,1
267,195.198.120.238,0
267,192.95.27.190,0
267,202.1.175.252,0
267,39.247.10.192,0
267,192.120.148.227,0
267,40.75.89.172,0
267,51.173.229.255,0
267,51.81.166.201,0
267,41.215.236.152,0
267,37.230.41.123,0
267,58.222.135.253,0
267,194.204.93.135,0
267,126.120.0.39,0
267,128.167.178.183,0
268,71.126.222.64,1
268,195.198.120.238,0
268,192.95.27.190,0
268,202.1.175.252,0
268,39.247.10.192,0
268,192.120.148.227,0
268,40.75.89.172,0
268,51.173.229.255,0
268,51.81.166.201,0
268,41.215.236.152,0
268,37.230.41.123,0
268,58.222.135.253,0
268,194.204.93.135,0
268,126.120.0.39,0
268,128.167.178.183,0
269,71.126.222.64,1
269,195.198.120.238,0
269,192.95.27.190,0
269,202.1.175.252,0
269,39.247.10.192,1
269,192.120.148.227,0
269,40.75.89.172,0
269,51.173.229.255,0
269,51.81.166.201,1
269,41.215.236.152,0
269,37.230.41.123,0
269,58.222.135.253,0
269,194.204.93.135,0
269,126.120.0.39,0
269,128.167.178.183,0
270,71.126.222.64,1
270,195.198.120.238,0
270,192.95.27.190,0
270,202.1.175.252,0
270,39.247.10.192,0
270,192.120.148.227,0
270,40.75.89.172,0
270,51.173.229.255,0
270,51.81.166.201,0
270,41.215.236.152,0
270,37.230.41.123,0
270,58.222.135.253,0
270,194.204.93.135,0
270,126.120.0.39,0
270,128.167.178.183,0
271,71.126.222.64,1
271,195.198.120.238,0
271,192.95.27.190,0
271,202.1.175.252,0
271,39.247.10.192,0
271,192.120.148.227,0
271,40.75.89.172,0
271,51.173.229.255,0
271,51.81.166.201,0
271,41.215.236.152,0
271,37.230.41.123,0
271,58.222.135.253,0
271,194.204.93.135,0
271,126.120.0.39,0
271,128.167.178.183,0
272,71.126.222.64,1
272,195.198.120.238,1
272,192.95.27.190,0
272,202.1.175.252,0
272,39.247.10.192,1
272,192.120.148.227,0
272,40.75.89.172,0
272,51.173.229.255,0
272,51.81.166.201,1
272,41.215.236.152,0
272,37.230.41.123,0
272,58.222.135.253,0
272,194.204.93.135,0
272,126.120.0.39,0
272,128.167.178.183,0
273,71.126.222.64,1
273,195.198.120.238,0
273,192.95.27.190,0
273,202.1.175.252,0
273,39.247.10.192,0
273,192.120.148.227,0
273,40.75.89.172,0
273,51.173.229.255,0
273,51.81.166.201,0
273,41.215.236.152,0
273,37.230.41.123,0
273,58.222.135.253,0
273,194.204.93.135,0
273,126.120.0.39,0
273,128.167.178.183,0
274,71.126.222.64,1
274,195.198.120.238,0
274,192.95.27.190,0
274,202.1.175.252,0
274,39.247.10.192,0
274,192.120.148.227,0
274,40.75.89.172,0
274,51.173.229.255,0
274,51.81.166.201,0
274,41.215.236.152,0
274,37.230.41.123,0
274,58.222.135.253,0
274,194.204.93.135,0
274,126.120.0.39,0
274,128.167.178.183,0
275,71.126.222.64,1
275,195.198.120.238,0
275,192.95.27.190,0
275,202.1.175.252,0
275,39.247.10.192,0
275,192.120.148.227,0
275,40.75.89.172,0
275,51.173.229.255,0
275,51.81.166.201,0
275,41.215.236.152,0
275,37.230.41.123,0
275,58.222.135.253,0
275,194.204.93.135,0
275,126.120.0.39,0
275,128.167.178.183,1
276,71.126.222.64,1
276,195.198.120.238,0
276,192.95.27.190,0
276,202.1.175.252,0
276,39.247.10.192,0
276,192.120.148.227,0
276,40.75.89.172,0
276,51.173.229.255,0
276,51.81.166.201,1
276,41.215.236.152,0
276,37.230.41.123,0
276,58.222.135.253,0
276,194.204.93.135,0
276,126.120.0.39,0
276,128.167.178.183,0
277,71.126.222.64,1
277,195.198.120.238,0
277,192.95.27.190,0
277,202.1.175.252,0
277,39.247.10.192,0
277,192.120.148.227,0
277,40.75.89.172,0
277,51.173.229.255,0
277,51.81.166.201,0
277,41.215.236.152,0
277,37.230.41.123,0
277,58.222.135.253,0
277,194.204.93.135,0
277,126.120.0.39,0
277,128.167.178.183,0
278,71.126.222.64,1
278,195.198.120.238,0
278,192.95.27.190,0
278,202.1.175.252,0
278,39.247.10.192,0
278,192.120.148.227,0
278,40.75.89.172,0
278,51.173.229.255,0
278,51.81.166.201,0
278,41.215.236.152,0
278,37.230.41.123,0
278,58.222.135.253,0
278,194.204.93.135,0
278,126.120.0.39,0
278,128.167.178.183,1
279,71.126.222.64,1
279,195.198.120.238,0
279,192.95.27.190,0
279,202.1.175.252,0
279,39.247.10.192,0
279,192.120.148.227,0
279,40.75.89.172,0
279,51.173.229.255,0
279,51.81.166.201,0
279,41.215.236.152,0
279,37.230.41.123,0
279,58.222.135.253,0
279,194.204.93.135,0
279,126.120.0.39,0
279,128.167.178.183,0
280,71.126.222.64,1
280,195.198.120.238,0
280,192.95.27.190,0
280,202.1.175.252,0
280,39.247.10.192,1
280,192.120.148.227,0
280,40.75.89.172,0
280,51.173.229.255,0
280,51.81.166.201,0
280,41.215.236.152,0
280,37.230.41.123,0
280,58.222.135.253,0
280,194.204.93.135,0
280,126.120.0.39,0
280,128.167.178.183,0
281,71.126.222.64,1
281,195.198.120.238,0
281,192.95.27.190,0
281,202.1.175.252,0
281,39.247.10.192,0
281,192.120.148.227,0
281,40.75.89.172,0
281,51.173.229.255,0
281,51.81.166.201,0
281,41.215.236.152,0
281,37.230.41.123,0
281,58.222.135.253,0
281,194.204.93.135,0
281,126.120.0.39,0
281,128.167.178.183,0
282,71.126.222.64,1
282,195.198.120.238,0
282,192.95.27.190,0
282,202.1.175.252,0
282,39.247.10.192,1
282,192.120.148.227,0
282,40.75.89.172,0
282,51.173.229.255,0
282,51.81.166.201,0
282,41.215.236.152,0
282,37.230.41.123,0
282,58.222.135.253,0
282,194.204.93.135,0
282,126.120.0.39,0
282,128.167.178.183,0
283,71.126.222.64,1
283,195.198.120.238,0
283,192.95.27.190,0
283,202.1.175.252,0
283,39.247.10.192,0
283,192.120.148.227,0
283,40.75.89.172,0
283,51.173.229.255,0
283,51.81.166.201,0
283,41.215.236.152,0
283,37.230.41.123,0
283,58.222.135.253,0
283,194.204.93.135,0
283,126.120.0.39,0
283,128.167.178.183,1
284,71.126.222.64,1
284,195.198.120.238,0
284,192.95.27.190,0
284,202.1.175.252,0
284,39.247.10.192,0
284,192.120.148.227,0
284,40.75.89.172,0
284,51.173.229.255,0
284,51.81.166.201,0
284,41.215.236.152,0
284,37.230.41.123,0
284,58.222.135.253,0
284,194.204.93.135,0
284,126.120.0.39,0
284,128.167.178.183,1
285,71.126.222.64,1
285,195.198.120.238,0
285,192.95.27.190,0
285,202.1.175.252,0
285,39.247.10.192,0
285,192.120.148.227,0
285,40.75.89.172,0
285,51.173.229.255,0
285,51.81.166.201,0
285,41.215.236.152,0
285,37.230.41.123,0
285,58.222.135.253,0
285,194.204.93.135,0
285,126.120.0.39,0
285,128.167.178.183,0
286,71.126.222.64,1
286,195.198.120.238,0
286,192.95.27.190,1
286,202.1.175.252,0
286,39.247.10.192,0
286,192.120.148.227,0
286,40.75.89.172,0
286,51.173.229.255,0
286,51.81.166.201,0
286,41.215.236.152,0
286,37.230.41.123,0
286,58.222.135.253,0
286,194.204.93.135,0
286,126.120.0.39,0
286,128.167.178.183,0
287,71.126.222.64,1
287,195.198.120.238,0
287,192.95.27.190,0
287,202.1.175.252,0
287,39.247.10.192,1
287,192.120.148.227,0
287,40.75.89.172,0
287,51.173.229.255,0
287,51.81.166.201,0
287,41.215.236.152,0
287,37.230.41.123,0
287,58.222.135.253,0
287,194.204.93.135,0
287,126.120.0.39,0
287,128.167.178.183,0
288,71.126.222.64,1
288,195.198.120.238,0
288,192.95.27.190,0
288,202.1.175.252,0
288,39.247.10.192,0
288,192.120.148.227,0
288,40.75.89.172,0
288,51.173.229.255,0
288,51.81.166.201,1
288,41.215.236.152,0
288,37.230.41.123,0
288,58.222.135.253,0
288,194.204.93.135,0
288,126.120.0.39,0
288,128.167.178.183,0
289,71.126.222.64,1
289,195.198.120.238,1
289,192.95.27.190,0
289,202.1.175.252,0
289,39.247.10.192,1
289,192.120.148.227,0
289,40.75.89.172,0
289,51.173.229.255,0
289,51.81.166.201,0
289,41.215.236.152,0
289,37.230.41.123,0
289,58.222.135.253,0
289,194.204.93.135,0
289,126.120.0.39,0
289,128.167.178.183,0
290,71.126.222.64,1
290,195.198.120.238,0
290,192.95.27.190,0
290,202.1.175.252,0
290,39.247.10.192,0
290,192.120.148.227,0
290,40.75.89.172,0
290,51.173.229.255,0
290,51.81.166.201,0
290,41.215.236.152,0
290,37.230.41.123,0
290,58.222.135.253,0
290,194.204.93.135,0
290,126.120.0.39,0
290,128.167.178.183,0
291,71.126.222.64,1
291,195.198.120.238,0
291,192.95.27.190,0
291,202.1.175.252,0
291,39.247.10.192,1
291,192.120.148.227,0
291,40.75.89.172,0
291,51.173.229.255,0
291,51.81.166.201,0
291,41.215.236.152,0
291,37.230.41.123,0
291,58.222.135.253,0
291,194.204.93.135,0
291,126.120.0.39,0
291,128.167.178.183,0
292,71.126.222.64,1
292,195.198.120.238,0
292,192.95.27.190,0
292,202.1.175.252,0
292,39.247.10.192,0
292,192.120.148.227,0
292,40.75.89.172,0
292,51.173.229.255,0
292,51.81.166.201,0
292,41.215.236.152,0
292,37.230.41.123,0
292,58.222.135.253,0
292,194.204.93.135,0
292,126.120.0.39,0
292,128.167.178.183,0
293,71.126.222.64,1
293,195.198.120.238,0
293,192.95.27.190,0
293,202.1.175.252,0
293,39.247.10.192,0
293,192.120.148.227,0
293,40.75.89.172,0
293,51.173.229.255,0
293,51.81.166.201,0
293,41.215.236.152,0
293,37.230.41.123,0
293,58.222.135.253,0
293,194.204.93.135,0
293,126.120.0.39,0
293,128.167.178.183,0
294,71.126.222.64,1
294,195.198.120.238,0
294,192.95.27.190,0
294,202.1.175.252,0
294,39.247.10.192,0
294,192.120.148.227,0
294,40.75.89.172,0
294,51.173.229.255,0
294,51.81.166.201,1
294,41.215.236.152,0
294,37.230.41.123,0
294,58.222.135.253,0
294,194.204.93.135,0
294,126.120.0.39,0
294,128.167.178.183,0
295,71.126.222.64,1
295,195.198.120.238,0
295,192.95.27.190,0
295,202.1.175.252,0
295,39.247.10.192,1
295,192.120.148.227,0
295,40.75.89.172,0
295,51.173.229.255,0
295,51.81.166.201,0
295,41.215.236.152,0
295,37.230.41.123,0
295,58.222.135.253,0
295,194.204.93.135,0
295,126.120.0.39,0
295,128.167.178.183,0
296,71.126.222.64,1
296,195.198.120.238,0
296,192.95.27.190,0
296,202.1.175.252,0
296,39.247.10.192,0
296,192.120.148.227,0
296,40.75.89.172,0
296,51.173.229.255,0
296,51.81.166.201,0
296,41.215.236.152,0
296,37.230.41.123,0
296,58.222.135.253,0
296,194.204.93.135,0
296,126.120.0.39,0
296,128.167.178.183,1
297,71.126.222.64,1
297,195.198.120.238,0
297,192.95.27.190,0
297,202.1.175.252,0
297,39.247.10.192,1
297,192.120.148.227,0
297,40.75.89.172,0
297,51.173.229.255,0
297,51.81.166.201,0
297,41.215.236.152,0
297,37.230.41.123,0
297,58.222.135.253,0
297,194.204.93.135,0
297,126.120.0.39,0
297,128.167.178.183,0
298,71.126.222.64,1
298,195.198.120.238,0
298,192.95.27.190,0
298,202.1.175.252,0
298,39.247.10.192,0
298,192.120.148.227,0
298,40.75.89.172,0
298,51.173.229.255,0
298,51.81.166.201,0
298,41.215.236.152,0
298,37.230.41.123,0
298,58.222.135.253,0
298,194.204.93.135,0
298,126.120.0.39,0
298,128.167.178.183,0
299,71.126.222.64,1
299,195.198.120.238,0
299,192.95.27.190,0
299,202.1.175.252,0
299,39.247.10.192,1
299,192.120.148.227,0
299,40.75.89.172,0
299,51.173.229.255,0
299,51.81.166.201,1
299,41.215.236.152,0
299,37.230.41.123,0
299,58.222.135.253,0
299,194.204.93.135,0
299,126.120.0.39,0
299,128.167.178.183,0
